Tanggal;Harga Gabah Kering Giling (GKG) (Rp/Kg);ln (Data);Omega;P;Periodogram;F;1;1;2;2;3;3;4;4;5;5;6;6;7;7;8;8;9;9;10;10;11;11;12;12;13;13;14;14;15;15;16;16;17;17;18;18;19;19;20;20;21;21;22;22;23;23;24;24;25;25;26;26;27;27;28;28;29;29;30;30;31;31;32;32;33;33;34;34;35;35;36;36;37;37;38;38;39;39;40;40;41;41;;;;;;;;
;;;;;;;a1;b1;a2;b2;a3;b3;a4;b4;a5;b5;a6;b6;a7;b7;a8;b8;a9;b9;a10;b10;a11;b11;a12;b12;a13;b13;a14;b14;a15;b15;a16;b16;a17;b17;a18;b18;a19;b19;a20;b20;a21;b21;a22;b22;a23;b23;a24;b24;a25;b25;a26;b26;a27;b27;a28;b28;a29;b29;a30;b30;a31;b31;a32;b32;a33;b33;a34;b34;a35;b35;a36;b36;a37;b37;a38;b38;a39;b39;a40;b40;a41;b41;;;;;;;;
1;6098.88;8.715860427;0.075701028;83;0.784040325;46.63704994;0.209419243;0.015883605;0.207618219;0.031676229;0.204627976;0.047287416;0.200465643;0.062627744;0.195155061;0.077609346;0.188726648;0.092146409;0.181217226;0.106155665;0.172669808;0.119556872;0.163133354;0.132273268;0.152662486;0.144232014;0.141317181;0.155364612;0.129162424;0.165607296;0.116267837;0.174901397;0.102707278;0.183193678;0.08855842;0.190436642;0.073902309;0.196588802;0.058822891;0.20161492;0.043406542;0.205486205;0.027741563;0.208180484;0.011917684;0.209682324;-0.003974459;0.209983123;-0.019843837;0.209081158;-0.035599551;0.206981594;-0.051151353;0.203696459;-0.066410166;0.199244569;-0.081288587;0.193651424;-0.095701395;0.186949061;-0.109566033;0.179175871;-0.122803088;0.170376378;-0.135336737;0.160600984;-0.14709519;0.149905682;-0.158011094;0.138351735;-0.168021926;0.126005321;-0.177070343;0.112937159;-0.185104517;0.099222105;-0.19207843;0.084938714;-0.197952134;0.070168803;-0.202691987;0.054996971;-0.206270838;0.039510122;-0.208668189;0.023796962;-0.209870307;0.007947495;;;;;;;;
2;6094.17;8.715087855;0.151402056;41.5;0.442376302;17.44858453;0.207599816;0.031673422;0.200447874;0.062622193;0.188709919;0.092138241;0.172654503;0.119546275;0.152648954;0.144219229;0.129150975;0.165592617;0.102698174;0.183177439;0.073895758;0.196571377;0.043402694;0.205467991;0.011916627;0.209663738;-0.019842078;0.209062625;-0.051146819;0.203678403;-0.081281382;0.193634259;-0.109556321;0.179159989;-0.135324741;0.160586748;-0.157997088;0.138339471;-0.177054648;0.112927149;-0.192061404;0.084931185;-0.20267402;0.054992096;-0.208649692;0.023794852;-0.209851704;-0.00794679;-0.206252554;-0.039506619;-0.197934588;-0.070162583;-0.18508811;-0.09921331;-0.168007032;-0.125994151;-0.147082151;-0.149892395;-0.122792202;-0.170361276;-0.095692912;-0.18693249;-0.066404279;-0.199226908;-0.035596395;-0.206963247;-0.003974107;-0.20996451;0.027739104;-0.208162031;0.058817677;-0.201597049;0.088550571;-0.190419762;0.116257531;-0.174885893;0.141304655;-0.155350841;0.163118893;-0.132261543;0.181201163;-0.106146256;0.195137762;-0.077602467;0.204609838;-0.047283224;0.20940068;-0.015882197;;;;;;;;
3;5554.68;8.622396095;0.227103083;27.66666667;0.039552512;1.116554158;0.202433653;0.04678033;0.186702842;0.091158279;0.161383997;0.130854838;0.127777354;0.16383141;0.087608766;0.188394499;0.042941073;0.203282678;-0.003931839;0.207731374;-0.050602833;0.201512125;-0.094675143;0.184944317;-0.133885456;0.158878783;-0.166220147;0.124654105;-0.190018681;0.084027876;-0.204058897;0.039086436;-0.207619767;-0.00786227;-0.200518424;-0.054407212;-0.183119553;-0.098158099;-0.156316666;-0.136868123;-0.121486211;-0.16854935;-0.080416891;-0.191574807;-0.0352178;-0.204762032;0.011789885;-0.207433801;0.058192105;-0.199452907;0.101605898;-0.181229204;0.139801769;-0.153698563;0.170818188;-0.118274807;0.19306232;-0.076777104;0.20539183;-0.03133655;0.207173541;0.015713277;0.198315954;0.061956157;0.179273947;0.105017308;0.151025413;0.142685345;0.115021041;0.173025845;0.073109819;0.194480687;0.027444077;0.205948066;-0.019631042;0.206839081;-0.065698018;0.197107974;-0.108391104;0.177254483;-0.145517818;0.148298172;-0.175171533;0.11172608;-0.195829399;0.069416349;-0.20643054;0.023541775;;;;;;;;
4;5366.65;8.587959157;0.302804111;20.75;0.027128606;0.759174975;0.197523901;0.06170871;0.170135958;0.11780243;0.127267025;0.163177085;0.072817826;0.193703951;0.011742797;0.206605332;-0.050400731;0.200707307;-0.107958202;0.176546547;-0.155692354;0.136321486;-0.189259766;0.083692278;-0.205606078;0.023447752;-0.203243908;-0.038930329;-0.182388193;-0.097766065;-0.144936635;-0.147705885;-0.09429702;-0.184205669;-0.035077143;-0.203944234;0.027334469;-0.205125531;0.087258866;-0.187642071;0.139243416;-0.153084708;0.178557946;-0.10459788;0.201625154;-0.046593494;0.206346112;0.01565052;0.192291249;0.076470464;0.160739446;0.130332218;0.114561659;0.172334798;0.057959692;0.198656313;-0.003916136;0.206901717;-0.065435627;0.196320746;-0.121001008;0.167876182;-0.165556281;0.12415625;-0.195047277;0.069139108;-0.206790556;0.007830869;-0.199717575;-0.054189916;-0.174471917;-0.111279858;-0.133350732;-0.158244238;-0.080095714;-0.190809678;-0.019552637;-0.206012987;0.042769571;-0.202470789;0.101200095;-0.180505394;0.150422233;-0.142115475;0.185957171;-0.090794202;0.204571516;-0.031211395;;;;;;;;
5;5373.33;8.589203107;0.378505139;16.6;0.013871466;0.384615985;0.192319103;0.076481541;0.150444022;0.14213606;0.087271505;0.187669251;0.011744498;0.206635259;-0.065445105;0.196349183;-0.133370048;0.158267159;-0.182414612;0.097780227;-0.20563586;0.023451148;-0.199746503;-0.054197765;-0.165580261;-0.124174234;-0.107973839;-0.176572119;-0.035082224;-0.203973775;0.042775766;-0.202500116;0.114578253;-0.172359761;0.170160602;-0.117819493;0.201654359;-0.046600243;0.204601148;0.031215916;0.17858381;0.10461303;0.127285459;0.163200721;0.057968088;0.198685088;-0.01955547;0.206042828;-0.094310679;0.184232351;-0.155714905;0.136341232;-0.195075529;0.069149123;-0.206820509;-0.007832003;-0.18928718;-0.0837044;-0.144957629;-0.14772728;-0.080107316;-0.190837316;-0.003916703;-0.206931686;0.072828374;-0.193732009;0.139263585;-0.153106882;0.185984106;-0.090807354;0.206376;-0.015652787;0.197552512;0.061717649;0.160762729;0.130351096;0.101214754;0.18053154;0.027338428;0.205155243;-0.050408031;0.200736379;-0.121018535;0.167900499;-0.174497189;0.111295977;-0.203273347;0.038935968;;;;;;;;
6;5467.96;8.606660883;0.454206167;13.83333333;0.005424598;0.149533016;0.186362124;0.090991922;0.12754417;0.16353243;0.042862709;0.202911703;-0.050510487;0.20114438;-0.133641126;0.158588841;-0.189671911;0.083874532;-0.207240877;-0.007847922;-0.182785374;-0.097978968;-0.121264508;-0.168241761;-0.03515353;-0.204388357;0.058085909;-0.19908892;0.139546642;-0.153418075;0.192709996;-0.076636992;0.206795465;0.015684602;0.178946786;0.104825659;0.114811137;0.172710086;0.027393994;0.205572226;-0.065578124;0.196748267;-0.145252259;0.148027539;-0.195472025;0.06928967;-0.20605382;-0.023498813;-0.174851859;-0.111522189;-0.108193299;-0.176931007;-0.019595217;-0.206461615;0.072976399;-0.194125774;0.150749803;-0.142424955;0.197954043;-0.061843091;0.205017005;0.031279363;0.170506457;0.118058964;0.101420475;0.180898475;0.011768369;0.20705525;-0.080270136;0.191225198;-0.1560314;0.136618349;-0.200152493;0.054307923;-0.203686506;-0.039015106;-0.165916808;-0.124426621;-0.094502368;-0.184606808;-0.003924664;-0.20735228;0.087448887;-0.188050693;0.161089483;-0.130616038;0.202064227;-0.04669496;;;;;;;;
7;5312.54;8.577825343;0.529907195;11.85714286;0.071670168;2.070148422;0.178347247;0.104474454;0.101080679;0.180292397;-0.003911515;0.206657572;-0.107830811;0.176338221;-0.182172975;0.097650701;-0.206546543;-0.007821628;-0.174266039;-0.111148548;-0.09418575;-0.183988306;0.011728941;-0.206361537;0.114426476;-0.172131443;0.185737741;-0.090687065;0.206102623;0.015632052;0.169935197;0.117663422;0.0871559;0.187420653;-0.019529565;0.205769891;-0.120858227;0.167678088;-0.189036439;0.08359352;-0.205363463;-0.023420084;-0.165360924;-0.124009745;-0.080001201;-0.190584522;0.027302214;-0.204883482;0.127116849;-0.162984535;0.192064345;-0.076380229;0.204330122;0.031174566;0.160549773;0.130178425;0.072731901;0.19347538;-0.035035752;0.203703579;-0.133193378;0.158057509;-0.194817121;0.069057524;-0.203004079;-0.038884391;-0.155508636;-0.136160626;-0.065358413;-0.196089087;0.042719102;-0.202231873;0.139079108;-0.152904067;0.197290823;-0.061635894;0.201387236;0.046538514;0.150244735;0.141947778;0.0578913;0.198421898;-0.050341258;0.200470471;-0.144765609;0.147531592;-0.199481907;0.054125971;;;;;;;;
8;5399.9;8.594135714;0.605608222;10.375;0.01480252;0.410696519;0.170258322;0.117887154;0.072870198;0.193843265;-0.050436979;0.200851657;-0.155804329;0.13641953;-0.205753953;0.023464616;-0.182519369;-0.09783638;-0.09436484;-0.184338152;0.027354128;-0.205273059;0.139343561;-0.153194808;0.201770165;-0.046627005;0.192429548;0.076525463;0.114644053;0.172458744;-0.003918952;0.207050523;-0.121088034;0.167996921;-0.195187557;0.069188834;-0.199861214;-0.05422889;-0.133446639;-0.158358049;-0.0195667;-0.206161154;0.101272879;-0.180635216;0.186090913;-0.090859503;0.204718647;0.031233843;0.150530419;0.142217686;0.042800331;0.202616408;-0.08015332;0.19094691;-0.174597399;0.111359892;-0.206939282;-0.007836501;-0.165675351;-0.124245545;-0.065482689;-0.196461942;0.058001378;-0.198799189;0.160855052;-0.130425954;0.206494518;-0.015661776;0.178686367;0.104673108;0.087321624;0.187777025;-0.035102371;0.204090913;-0.145040875;0.147812117;-0.203390083;0.038958328;-0.189395884;-0.08375247;-0.108035847;-0.176673521;0.011751243;-0.206753925;0.127358556;-0.163294444;0.197665963;-0.061753092;;;;;;;;
9;5500.53;8.61259973;0.68130925;9.222222222;0.00156089;0.04291282;0.16120064;0.130706167;0.042892285;0.203051718;-0.094567577;0.184734192;-0.189802791;0.083932407;-0.200290604;-0.054345397;-0.121348184;-0.168357853;0.01177649;-0.207198124;0.139642933;-0.153523938;0.205158473;-0.031300947;0.179070265;0.104897992;0.073026755;0.194259727;-0.065623375;0.196884029;-0.174972511;0.111599142;-0.206196003;-0.023515028;-0.145352487;-0.148129683;-0.019608738;-0.20660408;0.11489036;-0.172829262;0.198090637;-0.061885765;0.192842972;0.076689873;0.101490459;0.1810233;-0.035177787;0.204529391;-0.156139066;0.13671262;-0.207383879;0.007853337;-0.166031295;-0.124512479;-0.050545341;-0.201283176;0.087509229;-0.188180454;0.186490719;-0.091054709;0.202203657;0.046727181;0.127632179;0.163645273;-0.003927372;0.207495359;-0.133733342;0.158698272;-0.203827055;0.039042027;-0.182911501;-0.098046576;-0.080325525;-0.191357149;0.05812599;-0.199226298;0.170624112;-0.118140428;0.20693816;0.015695424;0.150853825;0.142523233;0.027412897;0.205714077;-0.108267955;0.177053094;-0.195606907;0.069337482;;;;;;;;
10;5567.64;8.624726545;0.757010278;8.3;0.002834191;0.077987316;0.151066232;0.14272391;0.011793071;0.207489866;-0.133921643;0.158921724;-0.206486334;0.023548138;-0.166265072;-0.124687797;-0.035227318;-0.204817375;0.115052129;-0.173072611;0.202488366;-0.046792974;0.179322401;0.105045692;0.058207834;0.199506814;-0.094700732;0.184994304;-0.195882328;0.069435111;-0.190070039;-0.084050587;-0.080438626;-0.191626586;0.073129579;-0.194533251;0.186753304;-0.091182917;0.198369555;0.061972902;0.10163336;0.181278187;-0.05061651;0.201566589;-0.175218878;0.111756278;-0.20411405;-0.039097;-0.121519047;-0.168594906;0.027451495;-0.206003729;0.161427615;-0.130890205;0.207229535;0.015717524;0.139839555;0.153740105;-0.003932902;0.207787519;-0.145557148;0.148338254;-0.207675883;0.007864395;-0.156358915;-0.136905115;-0.019636348;-0.206894985;0.127811889;-0.16387569;0.205447343;-0.03134502;0.170864356;0.118306774;0.042952679;0.203337621;-0.1084204;0.177302391;-0.20057262;0.054421917;-0.183169047;-0.098184629;-0.065715775;-0.197161248;0.087632445;-0.188445418;0.193114501;-0.076797855;;;;;;;;
11;5753.72;8.657601881;0.832711306;7.545454545;0.009151256;0.252910589;0.140372589;0.154326124;-0.019711197;0.207683618;-0.166898834;0.125163076;-0.204892083;-0.039246028;-0.108833672;-0.177978224;0.058429707;-0.200267285;0.187465162;-0.091530484;0.193850606;0.07709059;0.073408331;0.195274763;-0.095061708;0.185699456;-0.201337153;0.05462936;-0.17588677;-0.112182265;-0.035361596;-0.205598088;0.128299077;-0.164500344;0.208019443;-0.015777435;0.151642059;0.143267938;-0.003947893;0.208579554;-0.156954917;0.137426964;-0.207273409;-0.023637898;-0.121982247;-0.169237548;0.043116404;-0.204112694;0.180005934;-0.1054461;0.199125691;0.062209128;0.087966478;0.189163725;-0.080745238;0.192357019;-0.196628983;0.069699781;-0.183867242;-0.098558884;-0.050809448;-0.202334911;0.115490679;-0.173732321;0.206230457;-0.031464499;0.162042938;0.131389127;0.011838024;0.208280766;-0.146111976;0.148903683;-0.208467492;-0.007894372;-0.134432119;-0.159527495;0.027556133;-0.206788964;0.171515649;-0.11875773;0.203260202;0.046971337;0.102020762;0.181969175;-0.065966267;0.197912778;-0.190794539;0.084370967;;;;;;;;
12;5818;8.668711839;0.908412334;6.916666667;0.001993555;0.054824174;0.128463718;0.164711441;-0.050874649;0.20259456;-0.191039378;0.084479237;-0.184103191;-0.098685361;-0.035406974;-0.205861924;0.140552723;-0.154524165;0.208286387;0.015797682;0.115638884;0.173955265;-0.066050919;0.198166752;-0.196881309;0.069789224;-0.176112478;-0.112326224;-0.019736491;-0.20795013;0.151836655;-0.143451788;0.206495105;0.031504876;0.102151681;0.182202688;-0.080848855;0.192603863;-0.201595521;0.054699464;-0.167113009;-0.125323693;-0.003952959;-0.208847216;0.162250881;-0.131557733;0.203521038;0.047031614;0.088079362;0.189406472;-0.095183696;0.185937757;-0.205155013;0.039296391;-0.157156331;-0.137603319;0.011853215;-0.208548045;0.171735748;-0.118910127;0.199381221;0.062288958;0.073502533;0.195525352;-0.108973334;0.178206616;-0.207539395;0.023668231;-0.146299476;-0.149094765;0.027591495;-0.207054329;0.180236929;-0.105581415;0.194099366;0.077189517;0.058504688;0.20052428;-0.122138782;0.169454724;-0.20873501;0.007904503;-0.134604631;-0.15973221;0.043171733;-0.204374624;0.187705728;-0.091647941;;;;;;;;
13;5902.62;8.683151599;0.984113361;6.384615385;0.006519463;0.179849471;0.115831507;0.174245028;-0.080983528;0.19292469;-0.205496746;0.039361848;-0.146543172;-0.149343117;0.043243646;-0.204715058;0.194422684;-0.077318094;0.172021814;0.1191082;-0.003959544;0.2091951;-0.176405835;0.11251333;-0.191357599;-0.084619957;-0.035465953;-0.206204835;0.152089575;-0.143690741;0.20386005;0.047109956;0.073624969;0.195851045;-0.122342233;0.16973699;-0.209082707;-0.007917669;-0.109154855;-0.178503461;0.088226079;-0.189721972;0.206839071;-0.031557355;0.140786847;0.154781561;-0.050959393;0.202932028;-0.197209261;0.069905474;-0.167391374;-0.125532449;0.011872959;-0.20889543;0.180537155;-0.105757285;0.188018396;0.091800602;0.027637455;0.207399226;-0.157418111;0.137832529;-0.201931326;-0.054790579;-0.066160942;-0.198496845;0.128677704;-0.164985806;0.208633336;0.015823997;0.102321838;0.182506189;-0.095342247;0.18624748;-0.2078851;0.023707656;-0.134828846;-0.159998282;0.058602141;-0.2008583;0.199713337;-0.062392715;0.162521148;0.131776873;-0.019769367;0.208296519;-0.184409858;0.098849744;;;;;;;;
14;5951.96;8.691475856;1.059814389;5.928571429;0.005414872;0.149263907;0.102419931;0.182681152;-0.109259498;0.178674586;-0.209283148;-0.00792526;-0.095433649;-0.186426029;0.115942551;-0.174412071;0.208833346;0.015839167;0.088310658;0.189903853;-0.122459518;0.169899712;-0.208084393;-0.023730384;-0.081061164;-0.193109641;0.128801063;-0.165143973;0.207037361;0.031587608;0.073695551;0.196038801;-0.134958102;0.160151667;-0.205693749;-0.039399583;-0.066224369;-0.198687138;0.140921814;-0.154929945;0.204055484;0.047155119;0.058658321;0.201050857;-0.146683658;0.149486288;-0.202124911;-0.054843105;-0.051008246;-0.203126573;0.152235378;-0.143828493;0.199904796;0.062452529;0.043285102;0.204911311;-0.157569023;0.137964665;-0.197398319;-0.06997249;-0.035499953;-0.206402517;0.162676951;-0.131903204;0.194609071;0.077392217;0.02766395;0.207598053;-0.167551847;0.125652792;-0.191541047;-0.084701079;-0.019788319;-0.208496206;0.172186726;-0.119222385;0.188198643;0.091888609;0.011884341;0.209095691;-0.176574949;0.112621192;-0.184586646;-0.098944509;-0.00396334;-0.209395648;0.18071023;-0.105858671;;;;;;;;
15;5654.01;8.640120307;1.135515417;5.533333333;0.002188503;0.060193449;0.087788855;0.188781763;-0.134160672;0.159205374;-0.20093061;-0.054519052;-0.035290193;-0.205182941;0.171169322;-0.118517932;0.179642463;0.105233181;-0.019671395;0.207264259;-0.196231946;0.069559042;-0.145816944;-0.148603014;0.073260104;-0.194880461;0.207599407;-0.015745577;0.10181476;0.181601739;-0.121735939;0.168895821;-0.204478361;-0.039166782;-0.050706852;-0.201926353;0.161715738;-0.131123824;0.187086629;0.091345664;-0.003939921;0.208158387;-0.190409284;0.084200604;-0.156637991;-0.137149469;0.058311725;-0.199862902;0.205814033;-0.031400966;0.115257479;0.173381518;-0.108613913;0.177618847;-0.206854879;-0.023590168;-0.065833067;-0.19751315;0.151335861;-0.142978649;0.193459179;0.076934927;0.01181412;0.207860202;-0.183495974;0.098359873;-0.166561829;-0.124910344;0.043029342;-0.203700547;0.202849776;-0.046876492;0.128040013;0.164168182;-0.094869757;0.185324489;-0.208046551;-0.007878432;-0.080582196;-0.191968609;0.140089146;-0.154014506;0.198723613;0.062083514;0.027500491;0.206371413;-0.175531616;0.111955745;;;;;;;;
16;5221.35;8.560511268;1.211216445;5.1875;0.00056961;0.01564935;0.072585094;0.193084856;-0.155194747;0.13588579;-0.181805264;-0.097453596;0.027247105;-0.204469931;0.200980742;-0.046444577;0.11419551;0.171784001;-0.120614278;0.167339635;-0.199079259;-0.05401672;-0.019490145;-0.205354551;0.185362835;-0.090504016;0.14994147;0.141661261;-0.079839721;0.190199833;-0.206129635;-0.007805841;-0.065226489;-0.195693287;0.160225708;-0.129915664;0.177987259;0.104263575;-0.034965034;0.20329241;-0.202594322;0.038805904;-0.107613158;-0.175982288;0.126860268;-0.162655556;0.196892597;0.061511484;0.011705266;0.205945003;-0.188654875;0.08342479;-0.144473404;-0.147233804;0.086979979;-0.18704235;0.205686611;0.0156005;0.057774448;0.198021389;-0.165027148;0.123759435;-0.173914289;-0.110924198;0.042632875;-0.201823674;0.203917688;-0.031111641;0.100876651;0.179928483;-0.132924531;0.157738475;-0.194423888;-0.068918133;-0.003903619;-0.20624044;0.191676669;-0.076226058;0.138798381;0.152595435;-0.093995639;0.183616931;-0.204948943;-0.023372811;-0.050239645;-0.200065828;0.169592188;-0.117425922;;;;;;;;
17;5298.2;8.575122419;1.286917473;4.882352941;0.001749714;0.048110297;0.057873058;0.198359374;-0.174211127;0.111113524;-0.155459635;-0.136117721;0.087128437;-0.187361596;0.204265736;0.031164742;0.027293611;0.204818922;-0.188976873;0.08356718;-0.133151408;-0.158007704;0.11439042;-0.172077203;0.197228655;0.061616472;-0.003910282;0.206592453;-0.199419049;0.054108916;-0.107796833;-0.176282656;0.139035284;-0.152855886;0.185679214;0.090658489;-0.035024712;0.203639391;-0.205298751;0.023412704;-0.079975992;-0.190524467;0.160499183;-0.130137405;0.169881649;0.117626346;-0.065337818;0.196027298;-0.206481459;-0.007819164;-0.050325395;-0.200407302;0.178291049;-0.104441533;0.150197392;0.14190305;-0.094156071;0.18393033;-0.202940112;-0.038872138;-0.019523411;-0.205705052;0.192003825;-0.076356161;0.127076794;0.162933178;-0.120820144;0.167625251;-0.194755733;-0.069035763;0.011725245;-0.206296512;0.201323778;-0.046523849;0.101048828;0.180235586;-0.144719993;0.147485103;-0.182115571;-0.097619931;0.042705641;-0.202168148;0.206037678;-0.015627127;0.072708983;0.193414415;-0.165308818;0.123970669;;;;;;;;
18;5360.9;8.58688715;1.3626185;4.611111111;0.004245201;0.116927045;0.042764232;0.202445515;-0.189236142;0.083681831;-0.120985904;-0.167855227;0.139226035;-0.153065599;0.178535657;0.104584823;-0.065427459;0.19629624;-0.205580413;-0.023444825;-0.019550197;-0.205987271;0.197499245;-0.061701007;0.101187463;0.180482862;-0.155672919;0.136304469;-0.165535615;-0.124140752;0.087247974;-0.187618648;0.201599986;0.046587678;-0.003915647;0.20687589;-0.203218538;0.038925469;-0.080085716;-0.19078586;0.17011472;-0.117787725;0.150403457;0.142097735;-0.107944726;0.176524509;-0.19502293;-0.069130478;0.027331057;-0.205099926;0.206320354;-0.015648566;0.057952457;0.198631515;-0.182365426;0.097753862;-0.133334086;-0.158224485;0.127251138;-0.163156716;0.185933958;0.090782869;-0.050394439;0.200682253;-0.206764743;-0.007829891;-0.035072765;-0.203918776;0.192267246;-0.076460919;0.114547359;0.172313286;-0.144918543;0.147687447;-0.174450138;-0.111265968;0.072808737;-0.193679772;0.20454598;0.031207499;0.011741331;0.206579542;-0.199692644;0.054183151;-0.09428525;-0.184182675;0.160719382;-0.130315949;;;;;;;;
19;5384.75;8.591326163;1.438319528;4.368421053;0.00450751;0.124174334;0.027345185;0.205205953;-0.199795876;0.054211161;-0.080127117;-0.190884487;0.178627952;-0.104638888;0.127316921;0.16324106;-0.144993459;0.147763795;-0.165621189;-0.124204927;0.101239772;-0.180576163;0.192366639;0.076500445;-0.050420491;0.200785996;-0.205686689;-0.023456945;-0.003917671;-0.206982835;0.204651721;-0.031223632;0.057982416;0.198734198;-0.189333968;0.08372509;-0.108000528;-0.176615764;0.160802466;-0.130383316;0.150481208;0.142171193;-0.121048448;0.167942;-0.1824597;-0.097804396;0.072846375;-0.193779895;0.201704204;0.046611762;-0.019560303;0.206093757;-0.206871631;0.007833939;-0.035090896;-0.204024193;0.197601343;-0.061732904;0.087293077;0.187715638;-0.17454032;0.111323487;-0.133403014;-0.158306279;0.139298008;-0.153144726;0.170202662;0.117848615;-0.094333991;0.184277889;-0.195123748;-0.069166215;0.042786339;-0.20255017;0.206427012;0.015656656;0.011747401;0.206686334;-0.203323592;0.038945592;-0.065461282;-0.196397716;0.186030077;-0.090829799;0.114606574;0.172402364;-0.155753395;0.136374932;;;;;;;;
20;5423.16;8.59843395;1.514020556;4.15;0.001878836;0.051665252;0.01175712;0.20685733;-0.205856858;0.023476351;-0.035119927;-0.204192986;0.201871078;-0.046650325;0.058030386;0.198898615;-0.195285178;0.069223437;-0.080193408;-0.19104241;0.186183984;-0.090904945;0.10132353;0.180725558;-0.174684721;0.111415587;-0.121148594;-0.168080942;0.160935501;-0.130491185;0.139413252;0.153271426;-0.145113415;0.147886043;-0.155882253;-0.136487758;0.127422253;-0.163376113;0.170343474;0.117946114;-0.108089879;0.176761882;-0.182610653;-0.097885311;0.087365296;-0.187870939;0.192525788;0.076563736;-0.065515439;0.1965602;-0.199961171;-0.054256012;0.042821737;-0.202717744;0.204821034;0.031249464;-0.019576486;0.206264263;-0.20704278;-0.00784042;-0.003920912;-0.207154076;0.206597793;-0.015669609;0.027367809;0.205375724;-0.203491806;0.038977812;-0.050462205;-0.200952111;0.197764823;-0.061783977;0.072906643;0.193940213;-0.189490608;0.083794358;-0.094412035;-0.184430346;0.178775735;-0.104725458;0.114701391;0.172544996;-0.165758211;0.124307684;-0.133513381;-0.158437249;0.150605704;-0.142288814;;;;;;;;
21;5521.89;8.616475472;1.589721584;3.952380952;0.005241473;0.144466813;-0.003929139;0.207588734;-0.207477204;-0.007856871;0.011781789;-0.207291365;0.207031284;0.015702488;-0.019617562;0.206697053;-0.206288793;-0.02352561;0.027425233;-0.20580665;0.205250796;0.031315033;-0.035193617;0.204621431;-0.203918779;-0.039059597;0.042911587;-0.203143093;0.20229465;0.046748208;-0.050568086;0.201373755;-0.200380737;-0.054369853;0.058152147;-0.199315951;0.198179779;0.061913614;-0.065652906;0.196972629;-0.195694931;-0.069368684;0.073059618;-0.194347145;0.192929752;0.076724385;-0.080361672;0.191443261;-0.189888203;-0.083970178;0.087548609;-0.188265136;0.186574641;0.091095685;-0.094610134;0.184817324;-0.182993813;-0.098090698;0.10153613;-0.181104762;0.179150848;0.104945197;-0.108316677;0.17713277;-0.175051251;-0.111649363;0.114942061;-0.172907036;0.170700894;0.118193592;-0.121402792;0.168433615;-0.16610601;-0.124568511;0.127689615;-0.163718914;0.161273181;0.130764986;-0.133793523;0.158769688;-0.15620933;-0.136774141;0.139705774;-0.153593025;0.15092171;0.142587369;-0.145417897;0.148196342;;;;;;;;
22;5622.16;8.634471211;1.665422612;3.772727273;0.000242221;0.006653248;-0.019658534;0.207128746;-0.204344669;-0.039141174;0.0582736;-0.199732228;0.193332691;0.076884625;-0.094807729;0.18520332;-0.17541685;-0.111882546;0.127956298;-0.164060846;0.151236914;0.142885167;-0.156535577;0.137059798;-0.121656345;-0.168785393;0.179525009;-0.105164378;0.087731457;0.188658333;-0.196103646;0.069513563;-0.050673699;-0.201794329;0.205679468;-0.031380435;0.011806396;0.207724299;-0.207910526;-0.007873281;0.027482511;-0.206236483;0.202717148;0.046845843;-0.065790024;0.197384011;-0.19028479;-0.084145552;0.101748191;-0.181483004;0.171057408;0.118440443;-0.134072954;0.159101283;-0.145721606;-0.148505854;0.161610005;-0.131038092;0.115182121;0.173268157;-0.183376;0.098295563;-0.08052951;-0.191843095;0.198593683;-0.062042922;0.043001209;0.203567363;-0.206719633;0.023574744;-0.003937345;-0.208022288;0.207463674;0.015735283;-0.03526712;0.205048788;-0.200799237;-0.054483406;0.073212205;-0.194753044;0.186964308;0.09128594;-0.108542899;0.177502716;-0.166452927;-0.124828675;0.139997553;-0.153913808;;;;;;;;
23;5728.03;8.653126946;1.741123639;3.608695652;0.00096607;0.02654884;-0.035343318;0.205491819;-0.196527349;-0.069663754;0.101968029;-0.181875118;0.161959181;0.131321214;-0.15687379;0.137355931;-0.108777418;-0.17788623;0.193750408;-0.077050743;0.043094118;0.204007193;-0.208359739;0.007890292;0.02754189;-0.20668208;0.199022767;0.062176973;-0.095012572;0.185603472;-0.166812567;-0.125098382;0.151563679;-0.143193886;0.115430985;0.173642522;-0.190695921;0.084327358;-0.050783185;-0.202230329;0.207911922;-0.01576928;-0.019701008;0.20757627;-0.201233086;-0.054601124;0.08792101;-0.189065951;0.171426996;0.118696347;-0.146036454;0.148826718;-0.121919197;-0.169150073;0.187368265;-0.091483174;0.058399506;0.200163771;-0.207166274;0.02362568;0.011831905;-0.20817311;0.203155141;0.046947059;-0.080703503;0.192257594;-0.175795857;-0.11212428;0.140300033;-0.154246356;0.128232762;0.164415317;-0.183772205;0.098507941;-0.065932171;-0.197810481;0.206123861;-0.031448236;-0.003945852;0.208471744;-0.204786178;-0.039225743;0.073370388;-0.19517383;0.179912893;0.105391597;-0.134362634;0.159445039;;;;;;;;
24;5886.34;8.680389691;1.816824667;3.458333333;0.000509073;0.013985603;-0.050943184;0.20286748;-0.184351202;-0.098818303;0.140742066;-0.154732329;0.115794664;0.174189604;-0.197146533;0.069883239;-0.019763079;-0.208230265;0.20677328;0.031547317;-0.080957769;0.192863325;-0.167338131;-0.12549252;0.162469454;-0.131734958;0.088198016;0.189661626;-0.205431382;0.039349328;0.011869183;-0.208828985;0.199649813;0.062372869;-0.109120135;0.178446683;-0.14649656;-0.149295615;0.180479731;-0.105723646;0.058583501;0.200794412;-0.209016203;0.007915151;0.043229891;-0.204649943;0.187958592;0.091771403;-0.13478596;0.15994739;-0.122303319;-0.169683001;0.194360843;-0.077293501;0.027628664;0.207333257;-0.207818977;-0.023700116;0.07360155;-0.195788749;0.171967098;0.119070314;-0.15736804;0.137788688;-0.095311921;-0.186188239;0.203795207;-0.047094971;-0.003958284;0.20912856;-0.201867096;-0.054773151;0.102289292;-0.182448138;0.152041199;0.143645036;-0.176349724;0.112477542;-0.066139898;-0.198433708;0.208566975;-0.015818964;-0.035454672;0.206139246;-0.191296733;-0.084593041;0.128636775;-0.164933328;;;;;;;;
25;5910.57;8.684497552;1.892525695;3.32;3.7379E-05;0.001026567;-0.066171198;0.198527614;-0.167417321;-0.125551907;0.172048479;-0.119126662;0.058611225;0.200889435;-0.209115116;-0.007918897;0.073636381;-0.195881403;0.16254634;0.1317973;-0.176433179;0.11253077;-0.050967292;-0.202963484;0.208665676;0.01582645;-0.080996081;0.192954595;-0.157442512;-0.137853894;0.18056514;-0.105773678;0.043250349;0.20474679;-0.207917324;-0.023711331;0.088239755;-0.189751381;0.15211315;0.143713014;-0.184438443;0.098865067;-0.03547145;-0.206236798;0.206871132;0.031562247;-0.095357026;0.186276349;-0.146565887;-0.149366266;0.18804754;-0.091814832;0.027641739;0.207431374;-0.2055286;-0.03936795;0.102337699;-0.182534479;0.14080867;0.154805553;-0.191387261;0.084633074;-0.019772431;-0.208328807;0.203891649;0.047117258;-0.109171774;0.17853113;-0.134849745;-0.160023082;0.194452821;-0.077330079;0.0118748;0.20892781;-0.201962626;-0.054799072;0.115849462;-0.174272037;0.12869765;0.16501138;-0.19723983;0.06991631;-0.003960158;-0.209227527;0.199744294;0.062402386;-0.122361197;0.169763301;;;;;;;;
26;5943.96;8.690130857;1.968226723;3.192307692;0.000211775;0.005816823;-0.08104862;0.193079757;-0.146660959;-0.149463155;0.194578955;-0.07738024;-0.003962726;0.209363245;-0.191511406;-0.084687972;0.15221182;-0.143806235;0.073684146;0.196008464;-0.209250761;-0.007924033;0.088296992;-0.189874465;0.140900007;0.15490597;-0.197367772;0.069961662;0.011882502;-0.209063334;0.188169519;0.091874389;-0.157544639;0.137943315;-0.066214121;-0.198656391;0.208801029;0.015836716;-0.09541888;0.18639718;-0.134937217;-0.160126883;0.19987386;-0.062442864;-0.019785257;0.208463942;-0.184558081;-0.098929197;0.162651777;-0.131882792;0.058649244;0.201019744;-0.208052192;-0.023726712;0.102404082;-0.182652882;0.128781131;0.165118417;-0.202093632;0.054834618;0.027659669;-0.207565927;0.180682266;0.10584229;-0.167525918;0.125633348;-0.051000353;-0.203095139;0.207005322;0.03158272;-0.10924259;0.178646937;-0.122440568;-0.16987342;0.204023906;-0.047147821;-0.035494459;0.206370576;-0.176547624;-0.112603764;0.17216008;-0.119203935;0.043278404;0.204879602;-0.205661918;-0.039393486;0.115924609;-0.174385081;;;;;;;;
27;5887.58;8.680600326;2.043927751;3.074074074;0.001068169;0.029356719;-0.095314234;0.186192757;-0.122306286;-0.169687118;0.206778297;-0.031548083;-0.066141503;0.198438523;-0.146500114;-0.149299237;0.199654657;-0.062374383;-0.035455532;0.206144248;-0.167342191;-0.125495565;0.187963153;-0.09177363;-0.00395838;0.209133634;-0.184355675;-0.098820701;0.171971271;-0.119073203;0.027629335;0.207338288;-0.197151317;-0.069884934;0.152044888;-0.143648522;0.058584923;0.200799284;-0.205436367;-0.039350283;0.128639896;-0.16493733;0.088200157;0.189666228;-0.209021274;-0.007915343;0.102291774;-0.182452566;0.115797474;0.174193831;-0.207824019;0.023700691;0.073603336;-0.1957935;0.140745481;0.154736083;-0.201871994;0.05477448;0.04323094;-0.204654909;0.162473396;0.131738155;-0.191301374;0.084595094;0.011869471;-0.208834052;0.18048411;0.105726212;-0.176354003;0.112480271;-0.019763558;-0.208235318;0.194365559;0.077295377;-0.157371859;0.137792031;-0.05094442;-0.202872403;0.203800152;0.047096114;-0.134789231;0.159951271;-0.080959733;-0.192868005;0.208572036;0.015819347;-0.109122783;0.178451013;;;;;;;;
28;5807.98;8.666988113;2.119628778;2.964285714;0.001030763;0.02832797;-0.108951665;0.178171181;-0.09516477;-0.185900784;0.20824497;0.015794541;-0.122114496;0.169421029;-0.080832779;-0.192565565;0.206454044;0.031498612;-0.134577865;0.159700448;-0.066037785;-0.198127348;0.203480569;0.047022262;-0.146270385;0.149065118;-0.050864533;-0.202554275;0.199341575;0.062276572;-0.157125081;0.137575957;-0.035399934;-0.205820989;0.194060771;0.077174168;-0.167079779;0.125298773;-0.019732567;-0.20790878;0.187668404;0.091629718;-0.176077459;0.112303889;-0.003952173;-0.208805688;0.180201089;0.10556042;-0.184066584;0.098665738;0.011850858;-0.208506576;0.1717016;0.118886483;-0.191001391;0.084462439;0.027586009;-0.207013157;0.162218618;0.131531574;-0.19684216;0.069775347;0.043163149;-0.204333985;0.151806464;0.143423264;-0.201555435;0.054688587;0.058493055;-0.200484407;0.140524775;0.154493439;-0.205114219;0.039288577;0.073487917;-0.195486473;0.128438174;0.164678689;-0.207498127;0.023663525;0.088061848;-0.189368809;0.11561589;0.173920675;-0.208693504;0.007902931;0.102131369;-0.182166458;;;;;;;;
29;5707.16;8.649476806;2.195329806;2.862068966;3.6134E-05;0.000992376;-0.121867768;0.16907872;-0.065904359;-0.197727039;0.198938813;0.062150745;-0.166742201;0.125045612;-0.003944188;-0.208383804;0.171354683;0.118646277;-0.196444448;0.069634368;0.058374872;-0.200079336;0.128178669;0.164345962;-0.208271847;0.007886963;0.115382292;-0.173569275;0.073339438;0.1950915;-0.2011482;-0.054578091;0.161890862;-0.131265819;0.011826914;0.208085297;-0.175721702;-0.112076983;0.193668679;-0.077018241;-0.050761763;0.202145022;-0.134305956;-0.15937778;0.207824219;-0.015762629;-0.108731533;0.177811193;-0.080669459;-0.192176494;0.203069444;0.046927255;-0.156807616;0.13729799;-0.019692698;-0.207488709;0.179837;0.10534714;-0.19061548;0.084291786;0.043075939;-0.203921137;0.14024085;0.154181291;-0.207078885;0.023615714;0.101925016;-0.181798398;0.087883923;0.188986197;-0.204699794;-0.039209196;0.151499745;-0.143133483;0.027530272;0.206594895;-0.183694684;-0.098466388;0.187289227;-0.091444584;-0.03532841;0.205405136;-0.145974851;-0.148763938;0.206036912;-0.03143497;-0.094972493;0.185525179;;;;;;;;
30;5957.84;8.692463278;2.271030834;2.766666667;0.001689454;0.046451476;-0.134973434;0.160169861;-0.035503986;-0.206425966;0.180730761;0.105870698;-0.197420745;0.06998044;0.073703923;-0.196061073;0.102431567;0.182701906;-0.205717118;-0.039404059;0.162695433;-0.131918189;-0.00396379;0.209419437;-0.157586924;-0.137980338;0.207060882;-0.031591197;-0.109271911;0.178694885;-0.066231892;-0.19870971;0.19463118;0.077401009;-0.184607617;0.098955749;0.04329002;-0.204934591;0.128815696;0.165162734;-0.209306924;-0.00792616;0.140937824;-0.154947546;0.027667093;0.207621638;-0.176595009;-0.112633987;0.199927506;-0.062459624;-0.081070373;0.193131579;-0.095444491;-0.186447209;0.204078666;0.047160476;-0.167570882;0.125667068;0.011885692;-0.209119446;0.152252673;0.143844833;-0.208108033;0.02373308;0.115955723;-0.174431885;0.058664985;0.201073698;-0.191562808;-0.084710702;0.188220024;-0.091899048;-0.051014041;0.203149649;-0.122473431;-0.169919014;0.208857071;0.015840966;-0.146700322;0.14950327;-0.019790567;-0.208519893;0.172206288;0.11923593;-0.202147874;0.054849335;0.088320691;-0.189925427;;;;;;;;
31;5600.77;8.630659367;2.346731862;2.677419355;5.45914E-05;0.001499304;-0.145657275;0.148440294;-0.003935607;-0.207930453;0.151170148;0.142822088;-0.20781874;0.007869805;0.139935748;-0.15384586;0.011801184;0.207632595;-0.156466472;-0.13699929;0.207372086;-0.015728336;-0.134013765;0.159031044;-0.019649855;-0.207037305;0.161538659;0.130980243;-0.206628373;0.023564337;0.127899809;-0.163988418;0.027470378;0.206145436;-0.166379444;-0.124773568;0.205588667;-0.031366582;-0.121602638;0.16871088;-0.035251551;-0.204958265;0.170981891;0.118388155;-0.204254457;0.039123894;0.115131272;-0.173191665;0.042982225;0.203477494;-0.175339409;-0.111833153;0.202627655;-0.046825162;-0.108494981;0.177424354;-0.050651328;-0.201705244;0.179445754;0.105117951;-0.200710591;0.054459353;0.101703272;-0.181402885;0.058247874;0.199644052;-0.183295046;-0.098252168;0.19850601;-0.062015532;-0.094765875;0.185121558;-0.06576098;-0.197296873;0.186881769;0.091245641;-0.196017072;0.069482875;0.087692726;-0.188575047;0.073179884;0.194667067;-0.190200785;-0.084108404;0.193247341;-0.076850683;-0.080493958;0.191758403;;;;;;;;
32;5516.39;8.61547894;2.42243289;2.59375;0.000459701;0.012628777;-0.156191264;0.136758323;0.027422061;-0.205782848;0.114928768;0.172887039;-0.200357562;-0.054363565;0.186553063;-0.091085149;-0.080352378;0.19142112;-0.065645313;-0.196949848;0.179130128;0.104933059;-0.203895195;0.039055079;0.127674847;-0.163699979;0.011780427;0.207267391;-0.145401079;-0.148179203;0.20700734;0.015700672;-0.1660868;0.124554104;0.042906624;-0.203119599;0.101524387;0.181083817;-0.195672299;-0.069360662;0.192907439;-0.076715511;-0.094599192;0.184795949;-0.050562238;-0.201350465;0.170681152;0.118179923;-0.206264935;0.023522889;0.139689616;-0.153575262;-0.003928685;0.207564725;-0.133778049;-0.158751325;0.205227058;0.031311411;-0.175031005;0.11163645;0.058145422;-0.199292899;0.087538484;0.188243363;-0.189866242;-0.083960466;0.198156859;-0.061906454;-0.10830415;0.177112283;-0.035189547;-0.204597765;0.161254529;0.130749862;-0.207453208;0.007855963;0.150904256;-0.142570879;-0.019615293;0.206673148;-0.121388751;-0.168414135;0.202271254;0.046742802;-0.182972649;0.098079353;0.073051168;-0.194324668;;;;;;;;
33;5519.43;8.616029873;2.498133917;2.515151515;0.000175319;0.004815364;-0.16609742;0.124562069;0.05814914;-0.199305643;0.073055839;0.194337095;-0.175042198;-0.111643589;0.207020577;-0.015701676;-0.156201252;0.136767068;0.042909368;-0.203132588;0.087544082;0.1882554;-0.18298435;-0.098085625;0.205240182;-0.031313413;-0.145410377;0.148188678;0.027423814;-0.205796007;0.101530879;0.181095396;-0.189878383;-0.083965835;0.202284189;-0.046745791;-0.133786604;0.158761477;0.01178118;-0.207280645;0.114936117;0.172898094;-0.195684811;-0.069365097;0.198169531;-0.061910412;-0.121396514;0.168424904;-0.003928936;-0.207577998;0.127683011;0.163710448;-0.200370374;-0.054367042;0.192919775;-0.076720417;-0.108311075;0.177123609;-0.019616547;-0.206686364;0.139698549;0.153585082;-0.203908234;-0.039057577;0.186564993;-0.091090974;-0.094605241;0.184807766;-0.035191797;-0.204610849;0.150913906;0.142579995;-0.206278125;-0.023524394;0.179141583;-0.10493977;-0.080357516;0.191433361;-0.050565471;-0.201363341;0.161264841;0.130758223;-0.207466474;-0.007856465;0.170692066;-0.11818748;-0.065649511;0.196962442;;;;;;;;
34;5526.7;8.617346171;2.573834945;2.441176471;0.000207547;0.00570068;-0.17506894;0.111660645;0.087557456;-0.188284161;0.027428004;0.205827447;-0.133807043;-0.158785732;0.198199806;0.061919871;-0.200400985;0.054375347;0.139719891;-0.153608546;-0.035197173;0.204642108;-0.080369793;-0.191462607;0.170718144;0.118205536;-0.20749817;-0.007857665;0.179168951;-0.104955802;-0.094619694;0.184836;-0.019619544;-0.20671794;0.127702518;0.163735458;-0.195714707;-0.069375694;0.202315092;-0.046752932;-0.145432591;0.148211318;0.042915923;-0.203163621;0.073067;0.194366784;-0.166122796;-0.124581098;0.207052204;0.015704074;-0.183012305;0.09810061;0.10154639;-0.181123063;0.01178298;0.207312312;-0.12141506;-0.168450635;0.192949248;0.076732138;-0.203939385;0.039063544;0.150936961;-0.142601778;-0.050573196;0.201394104;-0.06565954;-0.196992533;0.161289478;0.1307782;-0.206309639;-0.023527988;0.186593495;-0.09110489;-0.108327622;0.177150669;-0.003929536;-0.207609711;0.114953676;0.172924508;-0.189907392;-0.083978663;0.205271537;-0.031318197;-0.156225115;0.136787963;0.058158024;-0.199336092;;;;;;;;
35;5440.28;8.601585809;2.649535973;2.371428571;0.000128248;0.003522407;-0.182677591;0.097921192;0.114743436;-0.172608245;-0.019583662;0.206339871;-0.080222803;-0.191112438;0.160994494;0.130539018;-0.203566398;-0.0389921;0.197837316;-0.061806625;-0.145166608;0.147940252;0.058051658;-0.198971524;0.042837434;0.202792053;-0.133562322;-0.158495327;0.192596361;0.076591801;-0.205932317;0.023484957;0.170405915;-0.117989349;-0.094446643;0.184497951;-0.00392235;-0.207230011;0.101360671;0.180791805;-0.174748754;-0.111456428;0.206673524;0.015675353;-0.189560068;0.083825073;0.127468961;-0.163436;-0.035132801;0.204267836;-0.065539455;-0.196632251;0.150660911;0.142340972;-0.20003447;-0.0542759;0.201945076;-0.046667425;-0.155939393;0.136537789;0.072933367;-0.194011304;0.027377841;0.205451007;-0.121193003;-0.168142554;0.186252232;0.090938267;-0.207118674;0.007843294;0.178841267;-0.104763847;-0.108129501;0.176826676;0.01176143;-0.206933156;0.087397321;0.187939806;-0.165818972;-0.124353251;0.204896113;0.031260919;-0.195356762;0.069248812;0.139464356;-0.15332761;-0.050480702;0.201025772;;;;;;;;
36;5475.51;8.608040701;2.725237001;2.305555556;0.000353412;0.009708134;-0.18970232;0.083887978;0.139569014;-0.153442671;-0.065588638;0.19677981;-0.019598358;-0.206494715;0.101436735;0.180927477;-0.165943407;-0.124446569;0.202096622;0.046702446;-0.203719161;0.039021361;0.170533793;-0.118077891;-0.108210644;0.176959372;0.027398386;-0.205605183;0.058095222;0.199120838;-0.133662551;-0.158614266;0.186392001;0.09100651;-0.207274102;-0.00784918;0.192740891;-0.076649278;-0.145275546;0.148051271;0.072988099;-0.194156896;0.011770256;0.207088445;-0.094517519;-0.184636404;0.161115309;0.130636978;-0.200184582;-0.05431663;0.205049874;-0.031284378;-0.174879891;0.111540068;0.114829543;-0.172737775;-0.035159166;0.204421124;-0.050518585;-0.201176628;0.127564618;0.163558648;-0.182814678;-0.097994676;0.206828618;0.015687116;-0.195503363;0.069300778;0.150773971;-0.142447789;-0.080283005;0.191255855;-0.003925293;-0.207385523;0.087462907;0.188080841;-0.156056415;-0.136640252;0.197985779;0.061853006;-0.206086855;0.023502581;0.178975475;-0.104842465;-0.121283949;0.168268733;0.04286958;-0.202944234;;;;;;;;
37;5431.82;8.600029532;2.800938029;2.243243243;0.000112871;0.003100025;-0.195321416;0.069236283;0.160965365;-0.1305154;-0.108109937;0.176794683;0.042829683;-0.202755362;0.027372887;0.205413835;-0.094429555;-0.18446457;0.150633652;0.142315218;-0.189525771;-0.083809907;0.206636131;0.015672517;-0.199998278;0.05426608;0.170375084;-0.117968001;-0.121171075;0.168112132;0.058041155;-0.198935524;0.011759302;0.206895716;-0.080208289;-0.191077861;0.139439122;0.153299868;-0.18264454;-0.097903476;0.204859042;0.031255263;-0.203529567;0.038985045;0.178808909;-0.104744892;-0.133538156;0.15846665;0.072920172;-0.193976202;-0.00392164;0.207192517;-0.065527597;-0.196596675;0.127445898;0.16340643;-0.174717137;-0.111436262;0.201908538;0.046658982;-0.205895058;0.023480708;0.186218533;-0.090921814;-0.145140343;0.147913485;0.087381508;-0.187905802;-0.019580119;0.206302538;-0.050471569;-0.200989401;0.114722676;0.172577015;-0.16578897;-0.124330752;0.197801521;0.061795442;-0.2070812;0.007841875;0.192561515;-0.076577944;-0.155911179;0.136513086;0.101342332;-0.180759094;-0.035126444;0.204230878;;;;;;;;
38;5431.31;8.599935636;2.876639056;2.184210526;0.000163537;0.004491737;-0.199996094;0.054265487;0.178806957;-0.104743748;-0.145138759;0.147911871;0.101341225;-0.180757121;-0.050471018;0.200987206;-0.003921597;-0.207190255;0.058040521;0.198933352;-0.108108757;-0.176792753;0.150632007;0.142313664;-0.182642546;-0.097902407;0.201906334;0.046658472;-0.207078939;0.007841789;0.197799362;-0.061794767;-0.174715229;0.111435045;0.1394376;-0.153298194;-0.094428524;0.184462556;0.042829216;-0.202753148;0.011759173;0.206893457;-0.065526882;-0.196594528;0.114721423;0.172575131;-0.155909477;-0.136511595;0.1862165;0.090920821;-0.203527345;-0.038984619;0.206633875;-0.015672346;-0.195319283;0.069235527;0.170373224;-0.117966713;-0.133536698;0.15846492;0.087380554;-0.18790375;-0.035126061;0.204228648;-0.019579905;-0.206300286;0.072919375;0.193974084;-0.121169752;-0.168110297;0.160963608;0.130513975;-0.189523702;-0.083808992;0.204856805;0.031254922;-0.20589281;0.023480451;0.192559412;-0.076577108;-0.16578716;0.124329394;0.127444507;-0.163404646;-0.080207413;0.191075774;0.027372588;-0.205411592;;;;;;;;
39;5330.78;8.581252848;2.952340084;2.128205128;0.001792432;0.049286329;-0.203085195;0.038899928;0.19214109;-0.076410749;-0.174335672;0.11119296;0.150304769;-0.142004497;-0.120906519;0.167745088;0.087190726;-0.187495542;-0.050361373;0.200550575;0.011733627;-0.206443995;0.027313123;0.204965349;-0.065384529;-0.19616744;0.101121068;0.180364438;-0.133246599;-0.158120665;0.160613925;0.130230442;-0.182245767;-0.09768972;0.197369656;0.061660522;-0.205445521;-0.023429442;0.206184977;-0.015638299;-0.199561616;0.054147599;0.185811957;-0.090723302;-0.165426998;0.124059297;0.139134681;-0.152965164;-0.107873898;0.176408682;0.072760963;-0.193552688;-0.035049752;0.203784975;-0.003913078;-0.206740148;0.042736172;0.20231268;-0.080033168;-0.190660675;0.114472198;0.172200223;-0.144823454;-0.147590542;0.170003099;0.117710438;-0.189111974;-0.083626923;0.201467706;0.04655711;-0.206629074;-0.007824754;0.204411767;-0.031187022;-0.194894965;0.069085117;0.178418511;-0.104516199;-0.155570774;0.136215033;0.127167642;-0.16304966;-0.094223384;0.184061823;0.057914432;-0.198501183;-0.019537369;0.205852112;;;;;;;;
40;4994.47;8.516086579;3.028041112;2.075;0.000184438;0.005065884;-0.203885362;0.023251518;0.199937755;-0.046203554;-0.193414928;0.068560483;0.184400896;-0.090034346;-0.173011762;0.110348558;0.159394219;-0.129241468;-0.143723661;0.146469735;0.126201928;-0.161811457;-0.1070547;0.17506903;0.086528597;-0.186071696;-0.064887997;0.194677739;0.042411632;-0.200776312;-0.019389002;0.204288866;-0.003883362;-0.205170158;0.027105707;0.203408836;-0.049978927;-0.199027588;0.072208414;0.192082844;-0.093507849;-0.182664053;0.113602893;0.17089253;-0.132234721;-0.156919893;0.149163351;0.140926111;-0.164170741;-0.123117187;0.177063596;0.103722501;-0.187675853;-0.082991857;0.195870825;0.061192271;-0.201542961;-0.038604521;0.204619202;0.015519541;-0.205059927;0.007765332;0.202859459;-0.030950187;-0.198046139;0.053736401;0.190681965;-0.075830484;-0.180861787;0.096947862;0.168712091;-0.116816542;-0.154389365;0.135180612;0.138078089;-0.151803543;-0.119988352;0.166471227;0.100353152;-0.178994746;-0.079425394;0.189212793;0.057474628;-0.196993759;-0.034783583;0.202237426;0.011644522;-0.204876253;;;;;;;;
41;5047.66;8.526680049;3.10374214;2.024390244;0.000356955;0.009805478;-0.205315009;0.007774992;0.204873735;-0.015538846;-0.204138983;0.023280441;0.203111803;-0.030988687;-0.201793667;0.038652542;0.200186464;-0.046261028;-0.198292496;0.053803245;0.196114476;-0.06126839;-0.193655523;0.068645768;0.190919161;-0.075924812;-0.187909309;0.083095094;0.184630279;-0.090146343;-0.181086768;0.097068459;0.177283852;-0.103851525;-0.173226978;0.110485824;0.168921958;-0.116961854;-0.164374959;0.123270337;0.159592495;-0.129402236;-0.154581416;0.135348768;0.1493489;-0.141101415;-0.143902444;0.146651934;0.138249849;-0.151992377;-0.132399212;0.157115091;0.126358915;-0.16201274;-0.120137609;0.166678307;0.113744208;-0.171105109;-0.107187869;0.175286805;0.100477985;-0.179217404;-0.093624167;0.182891275;0.086636233;-0.186303157;-0.079524194;0.189448161;0.072298237;-0.192321783;-0.064968713;0.194919905;0.057546123;-0.197238807;-0.050041098;0.199275166;0.04246439;-0.201026065;-0.034826852;0.202488996;0.027139424;-0.203661864;-0.01941312;0.204542988;0.011659007;-0.205131106;-0.003888192;0.205425376;;;;;;;;
42;5084.76;8.53400311;3.179443167;1.976190476;;;-0.205491341;-0.007781669;0.205049689;0.015552192;-0.204314306;-0.023300435;0.203286244;0.031015302;-0.201966976;-0.038685739;0.200358393;0.046300759;-0.198462798;-0.053849454;0.196282907;0.06132101;-0.193821843;-0.068704724;0.191083131;0.075990019;-0.188070694;-0.083166459;0.184788847;0.090223765;-0.181242293;-0.097151825;0.17743611;0.103940717;-0.173375752;-0.110580714;0.169067035;0.117062306;-0.164516131;-0.123376207;0.159729559;0.129513372;-0.154714177;-0.135465011;0.149477167;0.141222598;-0.144026033;-0.146777885;0.138368584;0.152122914;-0.132512922;-0.157250028;0.126467437;0.162151883;-0.120240789;-0.166821457;0.113841896;0.171252061;-0.107279927;-0.175437348;0.10056428;0.179371323;-0.093704575;-0.18304835;0.08671064;0.186463162;-0.079592493;-0.189610867;0.07236033;0.192486957;-0.065024511;-0.195087311;0.057595546;0.197408204;-0.050084075;-0.199446312;0.04250086;0.201198714;-0.034856762;-0.202662902;0.027162733;0.203836777;-0.019429793;-0.204718658;0.01166902;0.205307281;-0.003891532;-0.205601804;;;;;;;;
43;5001.51;8.517495146;3.255144195;1.930232558;;;-0.203919085;-0.023255364;0.199970824;0.046211196;-0.193446919;-0.068571823;0.184431396;0.090049238;-0.173040379;-0.110366809;0.159420583;0.129262845;-0.143747433;-0.146493961;0.126222801;0.161838221;-0.107072407;-0.175097986;0.086542909;0.186102472;-0.064898729;-0.194709939;0.042418647;0.200809521;-0.019392208;-0.204322655;-0.003884004;0.205204093;0.02711019;-0.20344248;-0.049987194;0.199060508;0.072220358;-0.192114615;-0.093523316;0.182694266;0.113621683;-0.170920795;-0.132256592;0.156945847;0.149188022;-0.140949421;-0.164197895;0.123137551;0.177092882;-0.103739656;-0.187706894;0.083005584;0.195903222;-0.061202392;-0.201576296;0.038610906;0.204653046;-0.015522108;-0.205093844;-0.007766617;0.202893012;0.030955306;-0.198078896;-0.053745289;0.190713504;0.075843026;-0.180891702;-0.096963897;0.168739996;0.116835863;-0.154414901;-0.135202971;0.138100927;0.151828651;-0.120008198;-0.166498762;0.100369751;0.179024351;-0.079438531;-0.189244089;0.057484134;0.197026342;-0.034789336;-0.202270876;0.011646448;0.20491014;;;;;;;;
44;5147.63;8.546291694;3.330845223;1.886363636;;;-0.202257799;-0.038741445;0.191358282;0.076099441;-0.173625406;-0.110739945;0.149692408;0.141425952;-0.12041393;-0.167061673;0.086835499;0.18673166;-0.050156194;-0.199733505;0.011685823;0.205602915;0.027201846;-0.204130293;-0.065118144;0.195368228;0.100709088;-0.179629609;-0.132703735;0.157476461;0.159959563;-0.129699866;-0.181503273;0.09729172;0.196565546;-0.061409309;-0.204608509;0.023333987;0.205344952;0.015574586;-0.198748575;-0.053926995;0.185054935;0.090353683;-0.164753027;-0.123553863;0.138567828;0.152341964;-0.107434405;-0.17568997;0.072464525;0.192764129;-0.034906954;-0.202954728;-0.003897135;0.205897861;0.042562059;-0.201488432;-0.079707102;0.189883898;0.114005824;-0.171498656;-0.144233424;0.146989239;0.169310484;-0.11723087;-0.188341507;0.083286215;0.2006469;-0.04636743;-0.20578724;0.007792875;0.203578967;0.031059962;-0.194100938;-0.068803656;0.17769161;0.104090387;-0.154936958;-0.135660075;0.126649544;0.162385375;-0.093839506;-0.183311931;0.057678481;0.197692463;-0.019457771;-0.205013444;;;;;;;;
45;5164.2;8.549505481;3.406546251;1.844444444;;;-0.198823314;-0.053947273;0.17775843;0.104129529;-0.144287663;-0.147044513;0.100746959;0.179697158;-0.050175055;-0.199808614;-0.003898601;0.205975288;0.05770017;-0.197766804;-0.107474805;0.175756037;0.149748699;-0.141479135;-0.181571527;0.097328306;0.200722352;-0.046384866;-0.205864625;-0.007795805;0.196639463;0.061432402;-0.173690697;-0.110781589;0.138619936;0.152399251;-0.093874794;-0.183380865;0.042578064;0.2015642;0.011690217;-0.205680231;-0.065142631;0.195441695;0.114048695;-0.171563148;-0.154995221;0.135711089;0.185124524;-0.09038766;-0.202333857;0.038756013;0.205422171;0.015580443;-0.194173928;-0.068829529;0.169374152;0.117274954;-0.132753637;-0.157535679;0.086868153;0.18680188;-0.034920081;-0.203031048;-0.019465088;0.205090538;0.072491775;-0.192836617;-0.120459211;0.167124495;0.160019715;-0.129748639;-0.188412332;0.083317535;0.203655522;-0.031071642;-0.204685451;-0.023342762;0.191430241;0.076128058;-0.164814982;-0.123600325;0.12669717;0.162446439;-0.079737076;-0.189955303;0.027212075;0.204207055;;;;;;;;
46;5123.94;8.541678953;3.482247279;1.804347826;;;-0.193996174;-0.06876652;0.159873227;0.129629862;-0.107376419;-0.175595144;0.042539087;0.201379681;0.027187164;-0.204020117;-0.093788857;0.183212991;0.149611613;-0.14134962;-0.188239852;0.083241263;0.20523412;-0.01556618;-0.198641304;-0.053897888;0.169219101;0.117167596;-0.120348938;-0.166971503;0.05764735;0.197585761;0.011679516;-0.205491943;-0.079664081;0.189781411;0.138493038;-0.15225974;-0.18140531;0.097239208;0.203469088;-0.031043198;-0.202148634;-0.038720534;0.177595704;0.104034205;-0.13263211;-0.157391465;0.072425414;0.192660088;-0.003895032;-0.205786731;-0.065082997;0.19526278;0.126581187;-0.162297729;-0.173531694;0.110680175;0.200538604;-0.046342404;-0.204498075;-0.023321393;0.184955054;0.090304916;-0.144155576;-0.146909903;0.086788631;0.186630875;-0.019447269;-0.204902791;-0.050129123;0.199625702;0.113944291;-0.171406092;-0.164664104;0.123487176;0.196459452;-0.061376164;-0.205676169;-0.007788669;0.191254999;0.076058368;-0.154853333;-0.135586854;0.100654732;0.179532657;-0.034888114;-0.202845186;;;;;;;;
47;5172.36;8.551084343;3.557948306;1.765957447;;;-0.188447127;-0.083332921;0.138645535;0.152427395;-0.065154661;-0.195477788;-0.019468683;0.205128413;0.100765564;-0.179730343;-0.164845418;0.12362315;0.20075942;-0.046393432;-0.202371223;-0.03876317;0.169405431;0.117296612;-0.107494653;-0.175788495;0.0272171;0.204244767;0.057710826;-0.197803326;-0.132778153;0.157564772;0.185158711;-0.090404352;-0.205902643;0.007797245;0.191465593;0.076142117;-0.144314309;-0.147071668;0.072505162;0.192872229;0.011692376;-0.205718214;-0.09389213;0.18341473;0.160049266;-0.1297726;-0.198860031;0.053957236;0.203693131;0.03107738;-0.173722772;-0.110802047;0.114069757;0.171594831;-0.03492653;-0.203068542;-0.050184321;0.199845513;0.126720568;-0.162476438;-0.181605058;0.097346279;0.205460107;-0.01558332;-0.194209787;-0.06884224;0.149776353;0.141505262;-0.079751801;-0.189990383;-0.003899321;0.206013326;0.086884196;-0.186836377;-0.155023845;0.135736151;0.196675777;-0.061443747;-0.204723251;-0.023347072;0.177791257;0.104148759;-0.120481456;-0.167155359;0.042585927;0.201601424;;;;;;;;
48;5171.23;8.55086585;3.633649334;1.729166667;;;-0.181600418;-0.097343792;0.114066842;0.171590446;-0.019468185;-0.205123171;-0.079749763;0.189985528;0.160045177;-0.129769284;-0.202366052;0.03876218;0.196670752;0.061442177;-0.144310621;-0.14706791;0.057709351;0.197798272;0.042584839;-0.201596273;-0.132774761;0.157560746;0.191460701;-0.076140171;-0.20471802;-0.023346476;0.169401103;0.117293615;-0.093889731;-0.183410044;-0.003899221;0.206008062;0.100762989;-0.179725751;-0.173718334;0.110799216;0.205454857;-0.015582922;-0.188442311;-0.083330792;0.12671733;0.162472287;-0.034925637;-0.203063353;-0.065152996;0.195472793;0.149772526;-0.141501647;-0.19885495;0.053955857;0.20075429;0.046392247;-0.155019884;-0.135732683;0.07250331;0.192867301;0.027216405;-0.204239548;-0.120478378;0.167151088;0.18515398;-0.090402042;-0.205897382;-0.007797046;0.177786715;0.104146098;-0.107491906;-0.175784003;0.011692078;0.205712958;0.086881976;-0.186831603;-0.164841206;0.123619992;0.203687927;-0.031076586;-0.194204824;-0.068840481;0.138641993;0.152423501;-0.050183039;-0.199840407;;;;;;;;
49;5501.65;8.612803326;3.709350362;1.693877551;;;-0.174976648;-0.111601781;0.087511298;0.188184902;0.027413545;-0.20571894;-0.133736503;0.158702024;0.19809532;-0.061887228;-0.200295339;-0.054346682;0.139646234;0.153527567;-0.035178618;-0.204534226;-0.080327424;0.191361672;0.170628145;-0.118143221;-0.207388782;0.007853523;0.179074498;0.104900472;-0.094569813;-0.184738559;-0.019609201;0.206608964;0.127635196;-0.163649141;-0.195611531;0.069339121;0.202208437;0.046728285;-0.145355923;-0.148133184;0.042893299;0.203056518;0.073028481;-0.194264319;-0.16603522;0.124515423;0.206943052;-0.015695796;-0.182915825;-0.098048894;0.101492858;0.181027579;0.011776768;-0.207203022;-0.121351053;0.168361832;0.19284753;-0.076691686;-0.203831874;-0.03904295;0.150857391;0.142526602;-0.050546535;-0.201287934;-0.065624926;0.196888684;0.16120445;-0.130709257;-0.206200878;0.023515584;0.186495128;0.091056862;-0.108270515;-0.17705728;-0.003927465;0.207500264;0.114893076;-0.172833347;-0.189807277;0.083934392;0.205163323;0.031301687;-0.156142757;-0.136715851;0.058127364;0.199231007;;;;;;;;
50;5568.1;8.624809162;3.78505139;1.66;;;-0.166266665;-0.124688991;0.058208391;0.199508726;0.07313028;-0.194535114;-0.175220557;0.111757348;0.20723152;0.015717675;-0.156360413;-0.136906427;0.04295309;0.203339569;0.087633284;-0.188447223;-0.183170801;0.098185569;0.205449311;0.03134532;-0.145558542;-0.148339675;0.027451758;0.206005702;0.101634334;-0.181279923;-0.19007186;0.084051392;0.202490306;0.046793422;-0.133922926;-0.158923247;0.011793184;0.207491853;0.115053231;-0.173074268;-0.195884204;0.069435776;0.198371455;0.061973496;-0.121520211;-0.168596521;-0.003932939;0.20778951;0.127813114;-0.16387726;-0.200574541;0.054422439;0.19311635;0.076798591;-0.108421439;-0.177304089;-0.019636536;0.206896967;0.139840894;-0.153741578;-0.204116005;0.039097374;0.186755093;0.091183791;-0.094701639;-0.184996076;-0.035227656;0.204819337;0.151067679;-0.142725277;-0.206488312;0.023548364;0.179324119;0.105046698;-0.080439396;-0.191628421;-0.050616995;0.20156852;0.161429162;-0.130891459;-0.207677872;0.00786447;0.170865993;0.118307907;-0.065716404;-0.197163137;;;;;;;;
51;5473.69;8.607708257;3.860752418;1.62745098;;;-0.156050388;-0.136634975;0.027397328;0.205597243;0.114825108;-0.172731104;-0.20017685;0.054314532;0.186384803;0.091002995;-0.080279905;-0.191248469;-0.065586105;0.19677221;0.178968563;-0.104838416;-0.203711293;-0.039019854;0.127559691;0.163552331;0.011769801;-0.207080447;-0.145269935;0.148045553;0.206820631;-0.01568651;-0.165936998;-0.124441763;0.042867925;0.202936396;0.101432818;-0.180920489;-0.195495813;0.069298102;0.192733448;0.076646318;-0.094513868;-0.184629273;-0.050516634;0.201168858;0.170527207;-0.118073331;-0.206078896;-0.023501673;0.139563624;0.153436745;-0.003925141;-0.207377514;-0.133657389;0.158608141;0.205041955;-0.03128317;-0.174873137;-0.11153576;0.058092978;0.199113148;0.087459529;-0.188073578;-0.189694993;0.083884739;0.197978133;0.061850617;-0.108206465;-0.176952538;-0.035157808;0.20441323;0.161109087;-0.130631933;-0.207266097;-0.007848877;0.150768148;0.142442288;-0.019597601;-0.20648674;-0.121279265;0.168262235;0.202088817;-0.046700642;-0.182807618;-0.097990891;0.07298528;0.194149398;;;;;;;;
52;5193.66;8.55519393;3.936453445;1.596153846;;;-0.144383665;-0.14714235;-0.003901195;0.206112335;0.149848335;-0.141573269;-0.206001598;-0.007800992;0.138712167;0.152500651;0.011697996;-0.205817081;-0.155098348;0.135801385;0.205558849;0.015590809;-0.132841965;-0.157640496;-0.019478039;0.205226996;0.160126185;-0.129834968;-0.204821639;-0.023358293;0.126781469;0.162554523;0.027230181;-0.204342925;-0.164924642;0.123682563;0.203791025;0.031092316;-0.120539359;-0.167235692;-0.034943315;0.203166135;0.169486846;-0.117352984;-0.202468481;-0.0387818;0.114124578;0.171677298;0.042606394;-0.201698312;-0.173806262;0.110855298;0.200855903;0.046415729;-0.107546314;-0.175872977;-0.050208439;0.199941558;0.177876703;-0.104198812;-0.198955602;-0.053983168;0.100813991;0.179816721;0.057738561;-0.197898389;-0.181692336;0.097393063;0.196770298;0.061473276;-0.093937254;-0.183502878;-0.065185974;0.195571733;0.185247697;-0.0904478;-0.194303123;-0.068875325;0.086925952;0.186926169;0.072540008;-0.192964922;-0.188537693;0.08337297;0.19155761;0.07617871;-0.079790129;-0.190081691;;;;;;;;
53;5253.75;8.566697386;4.012154473;1.566037736;;;-0.133020587;-0.157852462;-0.034990301;0.203439316;0.178115879;-0.10433892;-0.194564386;-0.068967936;0.072637546;0.193224386;0.100949548;-0.180058505;-0.202740724;0.038833946;0.160341493;0.130009546;-0.00390644;-0.206389477;-0.155306896;0.135983986;0.204065045;0.031134123;-0.107690923;-0.176109459;-0.065273624;0.195834702;0.191815181;-0.076281141;-0.181936643;-0.09752402;0.042663683;0.201969519;0.126951941;-0.162773097;-0.206278591;0.007811481;0.138898682;0.152705706;0.027266795;-0.204617688;-0.174039965;0.111004355;0.197034879;0.061555934;-0.079897416;-0.190337278;-0.094063563;0.183749619;0.201125978;-0.04647814;-0.165146402;-0.123848868;0.011713725;0.206093826;0.150049823;-0.14176363;-0.205097046;-0.023389701;0.114278032;0.171908138;0.057816198;-0.198164486;-0.188791204;0.083485075;0.185496784;0.090569417;-0.05027595;-0.200210402;-0.120701438;0.16746056;0.205835247;-0.015611773;-0.144577806;-0.1473402;-0.01950423;0.205502947;0.169714741;-0.117510778;-0.199223121;-0.054055754;0.087042834;0.187177513;;;;;;;;
54;5268.62;8.569523748;4.087855501;1.537037037;;;-0.120741261;-0.167515809;-0.065295159;0.195899312;0.197099885;-0.061576243;-0.165200888;-0.123889729;-0.003907729;0.20645757;0.169770734;-0.117549548;-0.194628577;-0.06899069;0.057835273;0.198229866;0.126993826;-0.162826799;-0.206346647;-0.007814059;0.114315735;0.171964855;0.072661511;-0.193288135;-0.199288849;0.054073588;0.160394394;0.130052439;0.01171759;-0.206161821;-0.174097385;0.111040978;0.191878466;0.076306308;-0.050292538;-0.200276457;-0.133064474;0.157904542;0.205903157;0.015616924;-0.107726452;-0.176167562;-0.079923776;0.190400075;0.201192334;-0.046493474;-0.155358135;-0.13602885;-0.019510665;0.205570748;0.178174643;-0.104373344;-0.188853491;-0.083512619;0.042677759;0.202036153;0.138944508;-0.152756087;-0.205164713;-0.023397418;0.100982853;0.180117911;0.087071551;-0.187239268;-0.202807613;0.038846758;0.150099328;0.141810402;0.027275791;-0.204685196;-0.181996668;0.097556195;0.185557984;0.090599298;-0.035001845;-0.203506435;-0.144625505;0.147388811;0.204132371;0.031144395;-0.094094597;-0.183810242;;;;;;;;
55;5322.78;8.579751002;4.163556529;1.509090909;;;-0.107855018;-0.176377808;-0.094206894;0.18402961;0.206148891;-0.015635562;-0.120885359;-0.16771573;-0.080019161;0.190627307;0.204375992;-0.031181564;-0.133223279;-0.158092992;-0.065373085;0.196133107;0.201432446;-0.046548962;-0.144798108;-0.147564711;-0.050352559;0.200515476;0.197335113;-0.061649731;-0.155543547;-0.136191193;-0.035043618;0.203749309;0.192107462;-0.076397376;-0.165398046;-0.124037585;-0.01953395;0.205816085;0.185779438;-0.090707424;-0.174305161;-0.1111735;-0.003912393;0.206703965;0.178387285;-0.104497908;-0.182213871;-0.097672623;0.011731574;0.206407864;0.169973346;-0.117689837;-0.189078877;-0.083612287;0.027308343;0.204929477;0.160585815;-0.13020765;-0.194860856;-0.069073027;0.042728692;0.202277272;0.150278464;-0.141979645;-0.19952669;-0.054138122;0.057904296;0.198466442;0.13911033;-0.152938393;-0.203049652;-0.03889312;0.072748229;0.193518814;0.127145386;-0.163021124;-0.205409565;-0.023425341;0.087175466;0.187462727;0.114452164;-0.172170085;-0.206592911;-0.007823384;0.101103371;0.180332872;;;;;;;;
56;5614.75;8.633152343;4.239257557;1.482142857;;;-0.094793248;-0.185175031;-0.121637763;0.168759612;0.205648051;0.031375642;-0.065779975;-0.197353862;-0.145699348;0.148483171;0.198563349;0.062033446;-0.035261733;-0.205017468;-0.166427502;0.124809609;0.18693575;0.091271997;-0.003936744;-0.207990514;-0.183347991;0.098280549;0.171031279;0.118422352;0.027478313;-0.206204981;-0.196073692;0.069502945;0.151213814;0.142863342;0.058264699;-0.19970172;-0.204313456;0.039135195;0.127936753;0.164035786;0.087718056;-0.188629517;-0.207878768;0.007872078;0.101732649;0.181455284;0.115164527;-0.173241691;-0.206688058;-0.023571143;0.073201022;0.194723297;0.139976169;-0.153890299;-0.200768566;-0.054475084;0.042994641;0.203536269;0.16158532;-0.131018077;-0.190255725;-0.084132699;0.011804592;0.20769257;0.179497588;-0.105148314;-0.175390056;-0.111865456;-0.019655531;0.207097108;0.193303161;-0.076872882;-0.156511667;-0.137038863;-0.050665959;0.201763507;0.202686184;-0.046838688;-0.134052475;-0.159076981;-0.080517209;0.191813793;0.207431985;-0.015732879;-0.10852632;-0.177475604;;;;;;;;
57;5916.1;8.685432727;4.314958584;1.456140351;;;-0.081004803;-0.192975373;-0.14658167;0.149382351;0.19447376;0.077338406;-0.003960584;-0.209250057;-0.19140787;0.084642187;0.15212953;0.143728489;0.07364431;-0.195902496;-0.209137634;0.007919749;0.088249257;0.189771814;0.140823832;-0.154822223;-0.197261069;-0.069923839;0.011876078;0.208950308;0.18806779;-0.091824719;-0.157459466;-0.137868739;-0.066178323;0.198548992;0.208688146;-0.015828154;-0.095367294;-0.186296408;-0.134864266;0.160040314;0.199765803;0.062409106;-0.01977456;-0.20835124;-0.184458304;0.098875713;0.162563843;0.131811492;0.058617536;-0.200911067;-0.207939713;0.023713885;0.102348719;0.182554135;0.128711509;-0.165029149;-0.201984374;-0.054804973;0.027644716;0.207453711;0.180584584;-0.105785068;-0.167435349;-0.125565427;-0.05097278;0.20298534;0.206893409;-0.031565645;-0.10918353;-0.178550355;-0.122374373;0.169781581;0.203913605;0.047122332;-0.03547527;-0.206259007;-0.176452178;0.112542888;0.172067006;0.11913949;0.043255006;-0.204768838;-0.205550732;0.039372189;0.115861937;0.174290803;;;;;;;;
58;6006.04;8.700520909;4.390659612;1.431034483;;;-0.066293287;-0.198893907;-0.167726215;0.125783557;0.172365917;0.119346457;0.058719366;-0.201260087;-0.209500945;0.007933507;0.073772244;0.196242815;0.162846246;-0.132040473;-0.176758707;-0.112738395;-0.051061329;0.203337962;0.209050675;-0.01585565;-0.081145523;-0.193310606;-0.157733002;0.138108242;0.180898292;0.105968836;0.043330148;-0.205124559;-0.208300942;0.02375508;0.088402562;0.190101482;0.152393807;-0.143978172;-0.184778742;-0.099047478;-0.035536897;0.206617316;0.20725282;-0.031620481;-0.095532965;-0.186620039;-0.146836309;0.149641855;0.188394498;0.091984235;0.027692739;-0.207814096;-0.205907811;0.039440586;0.102526517;0.182871265;0.141068469;-0.155091178;-0.19174038;-0.084789226;-0.019808912;0.208713184;0.20426784;-0.047204192;-0.109373202;-0.17886053;-0.13509855;0.160318333;0.194811597;0.077472757;0.011896709;-0.209313293;-0.202335258;0.054900179;0.116063211;0.174593578;0.128935104;-0.165315835;-0.197603747;-0.070045309;-0.003967464;0.209613562;0.200112833;-0.062517522;-0.12258696;-0.170076523;;;;;;;;
59;5899.81;8.682675426;4.46636064;1.406779661;;;-0.050956598;-0.2029209;-0.184399745;0.098844324;0.140779126;0.154773073;0.115825155;-0.174235472;-0.197198446;-0.06990164;-0.019768283;0.208285097;0.206827728;-0.031555625;-0.080979087;-0.19291411;-0.167382195;0.125525564;0.162512235;0.131769647;0.088221241;-0.189711568;-0.205485477;-0.03935969;0.011872308;0.208883974;0.199702385;-0.062389293;-0.109148869;-0.178493672;-0.146535135;0.149334927;0.180527255;0.105751486;0.058598928;-0.200847286;-0.209071241;-0.007917235;0.043241275;0.204703831;0.188008085;-0.091795568;-0.134821452;-0.159989507;-0.122335524;0.169727682;0.194412022;0.077313854;0.027635939;-0.207387852;-0.2078737;0.023706356;0.073620931;0.195840305;0.172012381;-0.119101668;-0.157409479;-0.13782497;-0.095337019;0.186237266;0.20384887;0.047107372;-0.003959327;-0.209183628;-0.201920252;0.054787574;0.102316227;0.182496181;0.152081234;-0.143682861;-0.176396161;-0.112507159;-0.066157314;0.19848596;0.208621895;0.015823129;-0.035464008;-0.206193527;-0.191347105;0.084615316;0.128670648;0.164976759;;;;;;;;
60;6278.41;8.744872043;4.542061668;1.383333333;;;-0.035718047;-0.207670553;-0.198611038;0.070402367;0.103049149;0.183803456;0.163676359;-0.132713552;-0.15853705;-0.138812252;-0.109930735;0.179772276;0.195804654;0.077867677;0.043551025;-0.206170187;-0.210568881;-0.007973949;0.027833904;0.208873434;0.201132913;-0.062836207;-0.096019946;-0.18757134;-0.168581204;0.126424742;0.153170638;0.144712105;0.116654846;-0.175483573;-0.192717782;-0.085221441;-0.051321616;0.204374483;0.210116316;0.015936475;-0.019909889;-0.209777105;-0.203366667;0.055180034;0.088853196;0.191070529;0.173244557;-0.119954829;-0.147584811;-0.150404658;-0.12321185;0.170943493;0.189354844;0.092453127;0.059018689;-0.202286015;-0.209362762;-0.023876172;0.011957353;0.210380273;0.205309101;-0.047444817;-0.081559164;-0.194296012;-0.177659739;0.113313082;0.141787569;0.155881759;0.129592354;-0.166158537;-0.185720656;-0.099552375;-0.066631219;0.199907774;0.208309297;0.031781667;-0.003987688;-0.210682073;-0.206957431;0.039641635;0.0741483;0.197243168;0.181820426;-0.106509015;-0.135787219;-0.16113556;;;;;;;;
61;6615.29;8.797138915;4.617762696;1.360655738;;;-0.020028887;-0.211030914;-0.208194387;0.039878567;0.059371436;0.20349505;0.196974951;-0.078333081;-0.096593844;-0.188692427;-0.178721587;0.113990338;0.13036691;0.167151643;0.154086117;-0.145577029;-0.159484604;-0.139641913;-0.12394827;0.171965198;0.182907141;0.107145605;0.089384259;-0.192212531;-0.199798108;-0.070823152;-0.051628358;0.205596001;0.209554332;0.031971622;0.01202882;-0.211637686;-0.211827422;0.008021608;0.028000263;0.210121841;0.206536205;-0.047728388;-0.067029464;-0.201102595;-0.193869629;0.085730798;0.103665059;0.184902024;0.174280016;-0.120671782;-0.1365988;-0.162098645;-0.148466904;0.151303606;0.16465463;0.133506763;0.117352075;-0.176532414;-0.186830683;-0.100147386;-0.082046632;0.195457292;0.202335056;0.06321177;0.043811323;-0.207402437;-0.210614094;-0.024018877;-0.004011522;0.21194129;0.211372152;-0.016031725;-0.035931529;-0.208911771;-0.204582161;0.055509837;0.074591474;0.198422062;0.190486591;-0.093005707;-0.110587775;-0.180846749;-0.16958879;0.127180365;0.142635014;0.156813442;;;;;;;;
62;6557.1;8.788303711;4.693463723;1.338709677;;;-0.004007493;-0.211728432;-0.211614678;0.008013552;0.01201674;0.211425133;0.211159865;-0.016015624;-0.020008772;-0.21081897;-0.210402568;0.023994754;0.027972142;0.20991081;0.209343871;-0.031939512;-0.035895442;-0.208701955;-0.207985292;0.039838516;0.043767322;0.207194137;0.206328775;-0.047680453;-0.051576506;-0.205389515;-0.204376694;0.055454087;0.059311807;0.203290675;0.202131846;-0.063148285;-0.066962145;-0.200900622;-0.199597445;0.070752022;0.07451656;0.198222782;0.196777124;-0.078254409;-0.08196423;-0.195260989;-0.193674921;0.085644696;0.089294488;0.192019487;0.19029528;-0.092912299;-0.096496832;-0.188502918;-0.186643043;0.100046805;0.103560946;0.184716321;0.182723442;-0.107037995;-0.110476709;-0.18066512;-0.178542092;0.113875855;0.117234216;0.176355118;0.174104981;-0.120550588;-0.123823785;-0.171792488;-0.169418467;0.127052634;0.130235979;0.166983768;0.164489263;-0.133372678;-0.13646161;-0.161935845;-0.159324429;0.139501667;0.142491762;0.15665595;0.153931365;-0.145430822;-0.148317795;-0.151151648;;;;;;;;
63;6178.33;8.728803287;4.769164751;1.317460317;;;0.011935381;-0.209993698;-0.208978056;-0.023832299;-0.035652415;0.207288957;0.204931844;0.047357636;0.058910242;-0.201914313;-0.198246089;-0.070273002;-0.081409299;0.193938992;0.189006903;0.092283244;0.102859796;-0.183465716;-0.177333289;-0.113104869;-0.122985447;0.170629383;0.163375603;0.13246969;0.141527034;-0.155595325;-0.147313623;-0.150128289;-0.158245737;0.138557184;0.129354227;0.165853219;0.172926219;-0.119734411;-0.109728736;-0.179441943;-0.185379393;0.099369447;0.088689928;0.190719436;0.195444862;-0.077724594;-0.066508784;-0.199540443;-0.20299298;0.05507864;0.043471;0.205791348;0.207926527;-0.031723268;-0.019873304;-0.209391639;-0.21018196;0.007959297;-0.003980361;0.210294944;0.209730226;0.015907191;0.027782759;-0.208489628;-0.206577146;-0.039568793;-0.051227312;0.203998944;0.20076333;0.062720745;0.074012052;-0.196880732;-0.192363662;-0.085064847;-0.095843509;0.187226676;0.18148633;0.106313304;0.116440492;-0.175161121;-0.168271435;-0.126192436;-0.135537709;0.160839473;0.152889186;0.144446195;;;;;;;;
64;6220.42;8.735592708;4.844865779;1.296875;;;0.027804369;-0.208651795;-0.203150872;-0.055121482;-0.081472621;0.194089841;0.181627493;0.106395997;0.129454842;-0.165982223;-0.147428206;-0.150245061;-0.168402319;0.12629059;0.102939802;0.183608419;0.195596882;-0.07778505;-0.051267158;-0.204157618;-0.209140603;0.023850837;-0.003983457;0.210458515;0.208088256;0.031747943;0.058956064;-0.202071366;-0.192513286;-0.085131012;-0.109814085;0.179581516;0.163502679;0.132572728;0.153008106;-0.144558548;-0.123081108;-0.170762101;-0.185523585;0.099446739;0.07406962;0.19703387;0.205091244;-0.047394472;-0.019888762;-0.209554507;-0.210345443;-0.007965487;-0.035680146;0.20745019;0.200919487;0.06276953;0.088758912;-0.190867781;-0.177471222;-0.113192844;-0.135643133;0.160964577;0.141637116;0.15571635;0.173060724;-0.119827543;-0.095918058;-0.187372305;-0.198400288;0.070327662;0.043504812;0.205951416;0.209893358;-0.015919564;0.011944665;-0.210157035;-0.206737825;-0.039599571;-0.066560515;0.199695649;0.189153916;0.092355024;0.116531061;-0.175297365;-0.158368824;-0.138664956;;;;;;;;
65;6264.45;8.742646074;4.920566807;1.276923077;;;0.043539939;-0.206117707;-0.192668727;-0.085199749;-0.123180487;0.17089998;0.141751478;0.15584208;0.181774144;-0.106481904;-0.066614258;-0.199856889;-0.209309469;0.023870095;-0.019904821;0.209723707;0.201081716;0.062820212;0.103022918;-0.18375667;-0.158496695;-0.138776918;-0.168538292;0.126392561;0.088830579;0.191021893;0.205256841;-0.04743274;-0.003986673;-0.210628445;-0.206904751;-0.039631544;-0.081538404;0.194246555;0.173200459;0.119924295;0.153131649;-0.144675269;-0.109902752;-0.179726516;-0.198560482;0.070384446;0.027826819;0.208820266;0.210062832;0.015932418;0.059003666;-0.202234524;-0.185673382;-0.099527035;-0.135752655;0.161094544;0.129559367;0.166116242;0.189306644;-0.092429594;-0.051308552;-0.20432246;-0.210515282;0.007971919;-0.035708955;0.207617692;0.195754813;0.077847856;0.116625152;-0.175438905;-0.147547244;-0.150366374;-0.177614517;0.113284239;0.074129426;0.19719296;0.208256273;-0.031773577;0.011954309;-0.210326722;-0.203314901;-0.055165988;-0.095995505;0.187523594;0.163634696;0.132679771;;;;;;;;
66;6460.29;8.773429487;4.996267835;1.257575758;;;0.059211422;-0.202946605;-0.178239909;-0.11368312;-0.159054772;0.13926556;0.089143357;0.191694493;0.208989556;-0.031885454;0.027924799;-0.209555536;-0.193347125;-0.085499742;-0.136230648;0.161661768;0.117035796;0.176056636;0.201789737;-0.063041406;-0.004000711;-0.211370081;-0.204030786;-0.055360231;-0.110289727;0.180359344;0.142250594;0.15639081;0.189973205;-0.092755044;-0.035834689;-0.208348727;-0.210046461;-0.023954143;-0.081825506;0.194930509;0.164210864;0.133146945;0.173810308;-0.120346556;-0.066848811;-0.200560598;-0.21125652;0.007999989;-0.051489213;0.205041893;0.182414183;0.106856833;0.153670835;-0.14518468;-0.096333511;-0.188183877;-0.207633276;0.03977109;-0.019974907;0.210462158;0.196444078;0.078121963;0.130015554;-0.166701148;-0.123614213;-0.171501729;-0.199259626;0.070632274;0.011996401;0.211067295;0.205979563;0.047599753;0.103385669;-0.184403689;-0.148066767;-0.150895823;-0.18632715;0.099877476;0.043693246;0.20684346;0.210802477;0.015988517;0.07439044;-0.197887289;-0.169131726;-0.126837597;;;;;;;;
67;6505.73;8.780438606;5.071968862;1.23880597;;;0.074449871;-0.198045382;-0.159181841;-0.13937682;-0.186476007;0.099957268;0.027947108;0.20972295;0.206144121;0.047637781;0.117129297;-0.176197289;-0.123712969;-0.171638743;-0.204193787;0.055404459;-0.019990865;0.210630297;0.190124975;0.092829147;0.153793604;-0.145300668;-0.081890876;-0.19508624;-0.211425293;0.00800638;-0.066902217;0.200720826;0.164342053;0.133253316;0.182559914;-0.106942202;-0.035863317;-0.208515177;-0.207799155;-0.039802863;-0.110377838;0.180503434;0.130119424;0.166834326;0.201950948;-0.06309177;0.012005985;-0.211235918;-0.193501591;-0.085568048;-0.148185058;0.151016374;0.089214574;0.191847639;0.210970887;-0.016001291;0.059258726;-0.203108739;-0.169266846;-0.126938928;-0.178382305;0.113773942;0.043728153;0.207008708;0.209156519;0.031910927;0.103468264;-0.184551009;-0.136339483;-0.16179092;-0.199418815;0.070688703;-0.004003907;0.211538945;0.196601018;0.078184375;0.142364238;-0.156515751;-0.096410472;-0.188334217;-0.210214268;0.02397328;-0.051530348;0.205205701;0.173949166;0.120442701;;;;;;;;
68;6867.79;8.834597645;5.14766989;1.220588235;;;0.089764863;-0.193030983;-0.137180445;-0.162788871;-0.205453284;0.055746201;-0.036084528;0.209801329;0.17502211;0.12118561;0.18368597;-0.107601837;-0.020114172;-0.211929496;-0.20064886;-0.071124721;-0.149099085;0.151947865;0.074909089;0.199266955;0.212272187;0.016099989;0.104106471;-0.185689347;-0.124476049;-0.172697436;-0.209080891;0.040048373;-0.051848195;0.20647144;0.165355739;0.134075242;0.191297694;-0.093401731;-0.004028604;-0.212843749;-0.194695137;-0.086095845;-0.160163699;0.140236517;0.059624243;0.204361544;0.210446627;0.032107759;0.117851767;-0.177284099;-0.111058665;-0.181616805;-0.211510901;0.02412115;-0.06731488;0.201958902;0.154742225;0.146196904;0.197813682;-0.078666628;0.01208004;-0.212538852;-0.187626218;-0.100573819;-0.170310909;0.127721906;0.043997874;0.208285568;0.207415648;0.047931618;0.130922019;-0.167863384;-0.097005146;-0.189495891;-0.212729395;0.008055764;-0.082395991;0.196289561;0.143242362;0.157481163;0.203196611;-0.063480929;0.02811949;-0.211016552;-0.179482594;-0.114475716;;;;;;;;
69;7498.08;8.922402267;5.223370918;1.202898551;;;0.105141157;-0.187534862;-0.112162446;-0.183421845;-0.214843654;0.008135828;-0.097969254;0.191379238;0.119023064;0.179046077;0.214381901;-0.016260002;0.090657011;-0.194949465;-0.125713182;-0.174413828;-0.213613049;0.024360884;-0.083214902;0.198240428;0.132223217;0.169531732;0.212538198;-0.032426869;0.07565359;-0.201247414;-0.138543844;-0.164406784;-0.211158888;0.040446402;-0.067983904;0.203966115;0.144666008;0.159046325;0.209477095;-0.048407997;0.060216832;-0.206392637;-0.15058094;-0.153458033;-0.207495228;0.056300248;-0.052363499;0.208523503;0.156280165;0.147649915;0.205216126;-0.064111849;0.044435157;-0.210355661;-0.161755521;-0.141630289;-0.202643054;0.07183161;-0.036443162;0.211886487;0.166999164;0.135407779;0.199779697;-0.079448473;0.028398962;-0.213113787;-0.172003582;-0.128991299;-0.196630158;0.086951528;-0.020314081;0.214035804;0.176761606;0.12239004;0.193198949;-0.094330025;0.0122001;-0.214651217;-0.181266422;-0.115613458;-0.189490984;0.101573395;-0.004068643;0.214959144;0.185511574;0.108671262;;;;;;;;
70;7817.79;8.964157185;5.299071946;1.185714286;;;0.119580066;-0.179883974;-0.08360433;-0.199168151;-0.212147066;-0.040635683;-0.151285626;0.154176184;0.044643104;0.21134008;0.200714623;0.079820275;0.177588813;-0.122962799;-0.004087683;-0.215965106;-0.182114709;-0.116154505;-0.197550345;0.087358442;-0.036613708;0.21287807;0.157011523;0.148340884;0.210457402;-0.048634536;0.076007632;-0.202189209;-0.126301492;-0.175230047;-0.215849076;0.008173902;-0.112687342;0.184280219;0.091081266;0.195861786;0.213532831;0.032578619;0.145343014;-0.159790627;-0.052608549;-0.209499348;-0.203591379;-0.072167766;-0.172808521;0.12959495;0.012257194;0.215655738;0.186379728;0.10917982;0.194103078;-0.094771469;0.028531863;-0.214111114;-0.162512502;-0.142293088;-0.20846626;0.056563721;-0.068302054;0.204920633;0.132841993;0.170325104;0.215385163;-0.016336096;0.105633195;-0.188412485;-0.098427729;-0.192274851;-0.214612712;-0.024474888;-0.139192199;0.165176172;0.060498633;0.20735851;0.206176493;0.064411878;0.167780684;-0.136041458;-0.020409146;-0.215037446;-0.19037776;-0.102048736;;;;;;;;
71;7706.19;8.949779181;5.374772974;1.169014085;;;0.132628922;-0.170051912;-0.052524168;-0.209163323;-0.197233486;-0.087218324;-0.190072405;0.101885056;-0.036554981;0.212536625;0.145109892;0.159534332;0.215039697;-0.016309893;0.119388266;-0.17959545;-0.068192501;-0.204591952;-0.20326483;-0.072052013;-0.181822608;0.115968199;-0.020376411;0.214692538;0.156759685;0.148102954;0.213190336;-0.032526365;0.105463765;-0.188110282;-0.083470234;-0.198848696;-0.208131892;-0.056472996;-0.172531346;0.129387087;-0.004081127;0.21561871;0.167511573;0.135823255;0.21011984;-0.048556529;0.090935177;-0.195547635;-0.098269856;-0.191966453;-0.211806794;-0.040570505;-0.162251841;0.142064858;0.012237534;0.215309839;0.17730397;0.122765574;0.205845797;-0.064308565;0.07588572;-0.201864909;-0.112506598;-0.183984644;-0.214268485;-0.024435631;-0.151042972;0.153928894;0.028486099;0.213767692;0.186080786;0.109004702;0.200392688;-0.079692248;0.060401597;-0.207025918;-0.126098912;-0.174948988;-0.215502866;-0.008160792;-0.138968943;0.164911239;0.044571499;0.211001103;0.193791748;0.094619461;;;;;;;;
72;7839.29;8.966903548;5.450474001;1.152777778;;;0.145387543;-0.159839583;-0.020415399;-0.215103327;-0.172861465;-0.129634655;-0.212212062;0.040648132;-0.112721866;0.184336678;0.060517168;0.207422039;0.194162546;0.094800504;0.200776116;-0.07984473;0.076030919;-0.202251154;-0.098457884;-0.192333759;-0.208530129;-0.05658105;-0.182170504;0.116190091;-0.036624925;0.21294329;0.132882692;0.170377287;0.21545115;0.0163411;0.157059627;-0.148386332;-0.004088936;-0.216031272;-0.162562291;-0.142336683;-0.214678463;0.024482386;-0.126340188;0.175283732;0.044656781;0.211404829;0.18643683;0.109213269;0.206239659;-0.064431612;0.091109171;-0.195921793;-0.083629944;-0.19922917;-0.203653754;-0.072189877;-0.190436087;0.102080001;-0.052624667;0.209563533;0.119616702;0.179939085;0.213598251;0.032588601;0.167832087;-0.136083137;0.012260949;-0.215721809;-0.151331976;-0.154223419;-0.215915206;0.008176407;-0.139234844;0.165226778;0.028540604;0.214176711;0.177643221;0.123000471;0.21052188;-0.048649436;0.105665558;-0.188470209;-0.06832298;-0.204983415;-0.197610869;-0.087385206;;;;;;;;
73;8207.4;9.012791465;5.526175029;1.136986301;;;0.157863376;-0.149145695;0.012323694;-0.21682576;-0.139947375;-0.166072322;-0.215777075;-0.024607674;-0.17374608;0.130298057;-0.036812352;0.214033022;0.120228837;0.180859919;0.211599221;0.048898399;0.187390916;-0.109772166;0.060826864;-0.208483516;-0.09896174;-0.193318022;-0.204695947;-0.072559307;-0.198622138;0.087832398;-0.084057918;0.200248721;0.076420005;0.203286169;0.195156168;0.095285643;0.207295086;-0.064761339;0.106206299;-0.189434701;-0.052893973;-0.210635969;-0.183102757;-0.116784691;-0.213298052;0.040856148;-0.12698673;0.176180743;0.02868666;0.215272756;0.168690964;0.13677954;0.216553717;-0.016424726;0.14613156;-0.160657558;-0.004109861;-0.217136807;-0.152106413;-0.155012654;-0.217020147;-0.008218249;-0.1633942;0.143065087;-0.020519874;0.216204113;0.133562716;0.171249189;0.214691335;0.032755372;0.178552306;-0.123629923;0.044885311;-0.212486688;-0.113298718;-0.185280016;-0.209597277;-0.056870602;-0.191410639;0.102602393;-0.068672621;0.206032412;0.09157542;0.196924418;0.201803583;0.080253333;;;;;;;;
74;8714.62;9.072757354;5.601876057;1.121621622;;;0.169813336;-0.137689591;0.045183952;-0.213900451;-0.099620174;-0.194604248;-0.199943654;-0.088416784;-0.210991815;0.057248986;-0.127831627;0.177352947;0.012405689;0.218268393;0.147103835;0.16172648;0.216119767;0.032973307;0.188637707;-0.110502526;0.076928459;-0.204638718;-0.069129529;-0.207403233;-0.184321017;-0.117561709;-0.217212731;0.024771399;-0.153118441;0.156044018;-0.020656402;0.21764261;0.12102877;0.182063256;0.208674307;0.065192224;0.203146267;-0.080787292;0.106912934;-0.19069509;-0.03705728;-0.215457074;-0.16448133;-0.144016959;-0.218464073;-0.008272929;-0.174902085;0.131164985;-0.053245898;0.212037419;0.092184709;0.198234639;0.196454624;0.095919619;0.21300708;-0.04922374;0.134451365;-0.172388581;-0.004137205;-0.218581509;-0.140878504;-0.167177271;-0.214717213;-0.041127981;-0.192684174;0.10328505;-0.084617191;0.20158106;0.06123157;0.209870644;0.179740289;0.124452485;0.217994539;-0.016534006;0.158913707;-0.150138024;0.028877525;-0.216705056;-0.114052542;-0.186512762;-0.206057875;-0.073042074;;;;;;;;
75;8230.79;9.015637279;5.677577085;1.106666667;;;0.178608684;-0.12366896;0.076444135;-0.203350357;-0.052910674;-0.210702478;-0.163445792;-0.14311026;-0.215845207;-0.024615444;-0.191471077;0.10263479;-0.098992987;0.193379063;0.028695718;0.215340729;0.146177702;0.160708286;0.211666034;0.048913838;0.201867303;-0.080278674;0.1202668;-0.180917026;-0.004111158;-0.217205368;-0.127026827;-0.176236372;-0.204760581;-0.072582217;-0.209663458;0.056888559;-0.139991564;0.16612476;-0.020526354;0.21627238;0.106239833;0.189494516;0.195217789;0.09531573;0.214759125;-0.032765715;0.157913221;-0.149192789;0.044899484;-0.212553781;-0.08408446;-0.20031195;-0.183160573;-0.116821566;-0.217088672;0.008220844;-0.17380094;0.130339199;-0.068694304;0.206097468;0.06084607;0.208549345;0.168744229;0.136822728;0.216622094;0.016429912;0.187450085;-0.109806827;0.091604335;-0.196986597;-0.036823976;-0.214100603;-0.152154441;-0.155061599;-0.213365401;-0.040869049;-0.198684853;0.087860131;-0.113334492;0.185338519;0.012327586;0.216894224;0.133604889;0.171303261;0.20736054;0.064781788;;;;;;;;
76;7067.49;8.863260675;5.753278113;1.092105263;;;0.184281922;-0.107950941;0.104444235;-0.186291799;-0.004041674;-0.2135343;-0.111418984;-0.182206044;-0.188234954;-0.100900122;-0.213419576;0.008081901;-0.180064908;0.114847122;-0.09731987;0.190110692;0.012119232;0.213228415;0.118234127;0.177859281;0.191918342;0.093704764;0.212960884;-0.016152224;0.175589953;-0.121578785;0.090056096;-0.193657254;-0.02017943;-0.212617081;-0.1248799;-0.173257736;-0.195326808;-0.086375175;-0.212197128;0.024199409;-0.170863467;0.128136288;-0.082663318;0.196926404;0.028210721;0.211701176;0.131346784;0.168408002;0.19845547;0.078921854;0.211129402;-0.032211929;0.16589222;-0.134510237;0.075152124;-0.199913458;-0.0362016;-0.21048201;-0.137625515;-0.163317024;-0.201299847;-0.071355479;-0.209759234;0.040178306;-0.160683335;0.140691501;-0.067533277;0.202614138;0.044140621;0.208961332;0.143707098;0.157992096;0.203855863;0.063686887;0.208088589;-0.048087128;0.155244272;-0.146671226;0.059817688;-0.205024576;-0.052016411;-0.207141318;-0.149582823;-0.152440846;-0.206119858;-0.055927065;;;;;;;;
77;6796.58;8.824174823;5.82897914;1.077922078;;;0.191072006;-0.093291538;0.130767561;-0.167665344;0.043945967;-0.208039839;-0.051787025;-0.206227851;-0.137018604;-0.162596817;-0.194465441;-0.085994271;-0.212478423;0.00804626;-0.187404862;0.100455165;-0.124329195;0.172493692;-0.036041956;0.209553812;0.0595539;0.204120444;0.143073368;0.157295371;0.197580306;0.078573819;0.212021754;-0.016080995;0.183469262;-0.107474891;0.117712729;-0.177074944;0.028086315;-0.2107676;-0.067235463;-0.201720636;-0.148923182;-0.151768601;-0.20041214;-0.07104081;-0.211261366;0.024092693;-0.179270845;0.114340661;-0.110927641;0.181402539;-0.020090441;0.211679467;0.074820713;0.199031865;0.154559664;0.146024425;0.202956885;0.063406036;0.210198348;-0.032069879;0.174815624;-0.121042638;0.103983649;-0.185470276;0.012065788;-0.212288104;-0.082298783;-0.196057983;-0.159974742;-0.14007107;-0.205210896;-0.055680434;-0.208834223;0.040001125;-0.170109981;0.127571223;-0.096890702;0.189272328;-0.004023851;0.212592641;0.08965896;0.19280325;0.165160657;0.133917064;0.207170944;0.047875069;;;;;;;;
78;6985.72;8.851623344;5.904680168;1.064102564;;;0.198194901;-0.078818231;0.155040438;-0.146478649;0.089937854;-0.193402985;0.01210332;-0.212948449;-0.067444606;-0.202348109;-0.137444814;-0.163102591;-0.187987805;-0.100767641;-0.211918516;-0.024167636;-0.205849226;0.055853633;-0.170639126;0.127968047;-0.111272693;0.18196681;-0.036154068;0.210205651;0.044082665;0.208686968;0.118078887;0.177625755;0.175359406;0.121419154;0.207815371;0.04802399;0.210852192;-0.032169635;0.184039963;-0.107809203;0.131174327;-0.168186884;0.059739148;-0.204755382;-0.020152935;-0.212337918;-0.097192091;-0.18986108;-0.16047236;-0.140506775;-0.201035543;-0.07126179;-0.213139359;0.008071289;-0.195070346;0.086261765;-0.149386423;0.152240694;-0.082554782;0.196667842;-0.004036367;0.213253933;0.075053451;0.199650975;0.143518413;0.157784655;0.191666356;0.093581731;0.21268127;0.016131016;0.203588203;-0.063603267;0.165674406;-0.134333627;0.104307101;-0.186047201;0.028173681;-0.211423215;-0.051948114;-0.206869344;-0.124715934;-0.173030252;-0.179828486;-0.114696329;-0.209483823;-0.040125552;;;;;;;;
79;7291.43;8.894454965;5.980381196;1.050632911;;;0.204573335;-0.063911034;0.176207943;-0.122006682;0.131809059;-0.169000714;0.075416623;-0.200617055;0.012161886;-0.213978873;-0.052199483;-0.207870353;-0.111811124;-0.182847319;-0.161248861;-0.141186666;-0.196014261;-0.086679173;-0.212943957;-0.024284579;-0.210497483;0.040319714;-0.188897448;0.10125524;-0.150109281;0.152977363;-0.097662388;0.190779788;-0.036329012;0.211222803;0.028310009;0.212446259;0.090373049;0.194338832;0.144212876;0.15854815;0.184930503;0.108330875;0.208820957;0.04825637;0.213710401;-0.016209072;0.199153935;-0.07919962;0.166476079;-0.134983646;0.118650252;-0.178485258;0.060028217;-0.205746161;-0.004055899;-0.214285835;-0.06777096;-0.20332724;-0.125319415;-0.173867518;-0.171464822;-0.128587264;-0.202008322;-0.071606615;-0.214170707;-0.008110345;-0.206845298;0.0561239;-0.180698648;0.115251327;-0.138109888;0.163891819;-0.082954252;0.197619487;-0.020250452;0.213365388;0.044295974;0.209696772;0.104811827;0.186947454;0.155790655;0.147187436;0.192593799;0.094034558;0.211872472;0.032325299;;;;;;;;
80;7291.34;8.894442622;6.056082224;1.0375;;;0.208820668;-0.048256303;0.192593532;-0.094034428;0.166475848;-0.134983459;0.131808876;-0.16900048;0.090372924;-0.194338562;0.044295913;-0.209696481;-0.004055893;-0.214285538;-0.052199411;-0.207870064;-0.097662253;-0.190779523;-0.138109697;-0.163891591;-0.171464584;-0.128587086;-0.196013989;-0.086679052;-0.210497191;-0.040319658;-0.21417041;0.008110334;-0.206845011;0.056123823;-0.188897186;0.1012551;-0.161248637;0.14118647;-0.125319241;0.173867277;-0.082954136;0.197619213;-0.036328962;0.21122251;0.012161869;0.213978576;0.060028133;0.205745876;0.104811682;0.186947194;0.144212676;0.15854793;0.176207698;0.122006513;0.199153658;0.07919951;0.211872178;0.032325254;0.213710105;-0.016209049;0.204573051;-0.063910945;0.184930247;-0.108330725;0.155790439;-0.147187232;0.118650087;-0.17848501;0.075416518;-0.200616776;0.02830997;-0.212445964;-0.020250424;-0.213365092;-0.067770866;-0.203326958;-0.111810969;-0.182847066;-0.150109072;-0.15297715;-0.180698397;-0.115251167;-0.202008042;-0.071606515;-0.212943661;-0.024284545;;;;;;;;
81;7219.97;8.884606077;6.131783252;1.024691358;;;0.211637865;-0.032289505;0.20434681;-0.063840264;0.192380539;-0.093930433;0.176012826;-0.121871583;0.155618147;-0.147024455;0.131663106;-0.168813579;0.104695768;-0.186740446;0.075333113;-0.20039491;0.044246925;-0.209464573;0.012148419;-0.213741933;-0.020228028;-0.213129127;-0.052141682;-0.207640176;-0.082862396;-0.197400662;-0.111687315;-0.182644851;-0.137956958;-0.16371034;-0.161070309;-0.141030329;-0.180498559;-0.115123708;-0.195797213;-0.086583192;-0.206616257;-0.056061754;-0.212708163;-0.024257689;-0.213933555;0.008101364;-0.210264398;0.040275067;-0.201784637;0.071527324;-0.188688281;0.10114312;-0.171274957;0.128444879;-0.149943064;0.15280797;-0.125180648;0.173674993;-0.097554246;0.190568536;-0.067695917;0.203102094;-0.036288785;0.210988914;-0.004051408;0.214048555;0.028278661;0.212211016;0.059961747;0.205518337;0.090272978;0.194123639;0.11851887;0.17828762;0.144053188;0.158372589;0.166291739;0.134834178;0.184725729;0.108210919;0.19893341;0.079111922;0.208589729;0.048202936;0.213473758;0.016191123;;;;;;;;
82;7212.3;8.883543181;6.207484279;1.012195122;;;0.21344822;-0.016189186;0.211612546;-0.032285642;0.208564774;-0.048197169;0.204322363;-0.063832627;0.198909611;-0.079102457;0.192357524;-0.093919196;0.184703629;-0.108197974;0.175991769;-0.121857004;0.166271845;-0.134818047;0.15559953;-0.147006866;0.144035955;-0.158353642;0.131647355;-0.168793383;0.118504691;-0.178266291;0.104683243;-0.186718105;0.090262179;-0.194100416;0.075324101;-0.200370936;0.059954574;-0.20549375;0.044241632;-0.209439515;0.028275278;-0.212185628;0.012146966;-0.213716362;-0.004050923;-0.214022948;-0.020225608;-0.21310363;-0.036284443;-0.210963673;-0.052135444;-0.207615336;-0.067687818;-0.203077797;-0.082852483;-0.197377046;-0.097542575;-0.190545738;-0.111673953;-0.182623001;-0.125165672;-0.173654216;-0.137940454;-0.163690755;-0.149925125;-0.152789689;-0.161051039;-0.141013457;-0.171254467;-0.128429513;-0.180476965;-0.115109936;-0.188665707;-0.101131019;-0.195773789;-0.086572834;-0.201760497;-0.071518767;-0.206591539;-0.056055047;-0.210239243;-0.040270249;-0.212682716;-0.024254787;-0.213907961;-0.008100395;;;;;;;;
83;7107.41;8.868893181;6.283185307;1;;;0.213708269;1.37446E-16;0.213708269;2.74892E-16;0.213708269;6.0215E-16;0.213708269;5.49785E-16;0.213708269;4.9742E-16;0.213708269;1.2043E-15;0.213708269;1.15193E-15;0.213708269;1.09957E-15;0.213708269;1.0472E-15;0.213708269;9.9484E-16;0.213708269;9.42475E-16;0.213708269;2.4086E-15;0.213708269;8.37745E-16;0.213708269;2.30387E-15;0.213708269;7.33016E-16;0.213708269;2.19914E-15;0.213708269;3.66526E-15;0.213708269;2.09441E-15;0.213708269;3.56053E-15;0.213708269;1.98968E-15;0.213708269;4.18826E-16;0.213708269;1.88495E-15;0.213708269;3.35107E-15;0.213708269;4.8172E-15;0.213708269;6.28332E-15;0.213708269;1.67549E-15;0.213708269;3.14161E-15;0.213708269;4.60774E-15;0.213708269;6.07386E-15;0.213708269;1.46603E-15;0.213708269;2.93215E-15;0.213708269;4.39828E-15;0.213708269;5.8644E-15;0.213708269;7.33053E-15;0.213708269;2.7227E-15;0.213708269;4.18882E-15;0.213708269;5.65494E-15;0.213708269;7.12107E-15;0.213708269;2.51324E-15;0.213708269;3.97936E-15;0.213708269;5.44548E-15;;;;;;;;
;;;;;;;0.012852042;0.006040496;0.000253923;0.010405747;1.07432E-06;0.000951998;0.000422868;0.000230833;5.96019E-05;0.00027465;0.000130513;2.0033E-07;0.001606784;0.000120208;0.000242452;0.000114235;6.14433E-06;3.14675E-05;6.94346E-06;6.13503E-05;2.16575E-05;0.000198855;1.09446E-05;3.70929E-05;9.35054E-06;0.000147745;0.00011037;2.01083E-05;1.33478E-05;3.93873E-05;1.34425E-05;2.83006E-07;4.72199E-06;3.74398E-05;4.36771E-05;5.86169E-05;0.000105969;2.64523E-06;2.74032E-05;1.78699E-05;6.37963E-05;6.25043E-05;4.29518E-06;1.54148E-06;6.35242E-07;2.26435E-05;1.61851E-06;1.06483E-05;5.7231E-07;3.28388E-07;1.17848E-06;3.92452E-06;7.22887E-07;2.50161E-05;2.42628E-05;5.74844E-07;4.41763E-07;4.28937E-07;3.8672E-05;2.03773E-06;5.22815E-07;7.92641E-07;1.37068E-06;9.70645E-06;2.92345E-08;4.19531E-06;4.68653E-06;3.14596E-07;5.17795E-07;2.57253E-06;8.50376E-06;1.21946E-08;1.18761E-07;2.60102E-06;2.19804E-06;1.74262E-06;4.12372E-05;1.95397E-06;2.93649E-06;1.50781E-06;7.26081E-06;1.34051E-06;;;;;;;;
;;;;;;;0.018892538;;0.01065967;;0.000953073;;0.000653701;;0.000334252;;0.000130713;;0.001726992;;0.000356687;;3.76118E-05;;6.82937E-05;;0.000220512;;4.80375E-05;;0.000157096;;0.000130479;;5.2735E-05;;1.37255E-05;;4.21618E-05;;0.000102294;;0.000108615;;4.52732E-05;;0.000126301;;5.83666E-06;;2.32788E-05;;1.22668E-05;;9.00698E-07;;5.103E-06;;2.5739E-05;;2.48377E-05;;8.70699E-07;;4.07097E-05;;1.31546E-06;;1.10771E-05;;4.22454E-06;;5.00112E-06;;3.09033E-06;;8.51595E-06;;2.71978E-06;;3.94066E-06;;4.31911E-05;;4.4443E-06;;8.60132E-06;;;;;;;;;
;;;;;;Periodogram;0.784040325;;0.442376302;;0.039552512;;0.027128606;;0.013871466;;0.005424598;;0.071670168;;0.01480252;;0.00156089;;0.002834191;;0.009151256;;0.001993555;;0.006519463;;0.005414872;;0.002188503;;0.00056961;;0.001749714;;0.004245201;;0.00450751;;0.001878836;;0.005241473;;0.000242221;;0.00096607;;0.000509073;;3.7379E-05;;0.000211775;;0.001068169;;0.001030763;;3.6134E-05;;0.001689454;;5.45914E-05;;0.000459701;;0.000175319;;0.000207547;;0.000128248;;0.000353412;;0.000112871;;0.000163537;;0.001792432;;0.000184438;;0.000356955;;;;;;;;;
;;;;;;F pembagi;0.032407775;;0.048873511;;0.068286706;;0.068885448;;0.069524347;;0.069931425;;0.066738867;;0.069479477;;0.070117628;;0.070056264;;0.069751827;;0.070096776;;0.06987866;;0.069931894;;0.070087381;;0.0701654;;0.070108528;;0.069988263;;0.069975622;;0.070102305;;0.06994025;;0.070181178;;0.070146294;;0.070168318;;0.07019105;;0.070182645;;0.070141373;;0.070143176;;0.07019111;;0.070111432;;0.07019022;;0.070170697;;0.070184402;;0.070182849;;0.070186671;;0.070175819;;0.070187412;;0.07018497;;0.070106469;;0.070183963;;0.070175649;;;;;;;;;
;;;;;;F hitung;46.63704994;;17.44858453;;1.116554158;;0.759174975;;0.384615985;;0.149533016;;2.070148422;;0.410696519;;0.04291282;;0.077987316;;0.252910589;;0.054824174;;0.179849471;;0.149263907;;0.060193449;;0.01564935;;0.048110297;;0.116927045;;0.124174334;;0.051665252;;0.144466813;;0.006653248;;0.02654884;;0.013985603;;0.001026567;;0.005816823;;0.029356719;;0.02832797;;0.000992376;;0.046451476;;0.001499304;;0.012628777;;0.004815364;;0.00570068;;0.003522407;;0.009708134;;0.003100025;;0.004491737;;0.049286329;;0.005065884;;0.009805478;;;;;;;;;
;;;;;;F tabel;3.110766166;;;;;;;;;;;;;;;;;;;;;;;;;;;;;;;;;;;;;;;;;;;;;;;;;;;;;;;;;;;;;;;;;;;;;;;;;;;;;;;;;;;;;;;;;
;;;;;;;;;;;;;;;;;;;;;;;;;;;;;;;;;;;;;;;;;;;;;;;;;;;;;;;;;;;;;;;;;;;;;;;;;;;;;;;;;;;;;;;;;;;;;;;;
;;;;;;;0.784040325;;0.442376302;;0.039552512;;0.027128606;;0.013871466;;0.005424598;;0.071670168;;0.01480252;;0.00156089;;0.002834191;;0.009151256;;0.001993555;;0.006519463;;0.005414872;;0.002188503;;0.00056961;;0.001749714;;0.004245201;;0.00450751;;0.001878836;;0.005241473;;0.000242221;;0.00096607;;0.000509073;;3.7379E-05;;0.000211775;;0.001068169;;0.001030763;;3.6134E-05;;0.001689454;;5.45914E-05;;0.000459701;;0.000175319;;0.000207547;;0.000128248;;0.000353412;;0.000112871;;0.000163537;;0.001792432;;0.000184438;;0.000356955;;;;;;;;;
;;;;;;;46.63704994;;17.44858453;;1.116554158;;0.759174975;;0.384615985;;0.149533016;;2.070148422;;0.410696519;;0.04291282;;0.077987316;;0.252910589;;0.054824174;;0.179849471;;0.149263907;;0.060193449;;0.01564935;;0.048110297;;0.116927045;;0.124174334;;0.051665252;;0.144466813;;0.006653248;;0.02654884;;0.013985603;;0.001026567;;0.005816823;;0.029356719;;0.02832797;;0.000992376;;0.046451476;;0.001499304;;0.012628777;;0.004815364;;0.00570068;;0.003522407;;0.009708134;;0.003100025;;0.004491737;;0.049286329;;0.005065884;;0.009805478;;;;;;;;;
;;;;;;;;;;;;;;;;;;;;;;;;;;;;;;;;;;;;;;;;;;;;;;;;;;;;;;;;;;;;;;;;;;;;;;;;;;;;;;;;;;;;;;;;;;;;;;;;
;;0.070192851;;;;;;;;;;;;;;;;;;;;;;;;;;;;;;;;;;;;;;;;;;;;;;;;;;;;;;;;;;;;;;;;;;;;;;;;;;;;;;;;;;;;;;;;;;;;;;
;;0.035096426;;;;;;;;;;;;;;;;;;;;;;;;;;;;;;;;;;;;;;;;;;;;;;;;;;;;;;;;;;;;;;;;;;;;;;;;;;;;;;;;;;;;;;;;;;;;;;
;;;;;;;;;;;;;;;;;;;;;;;;;;;;;;;;;;;;;;;;;;;;;;;;;;;;;;;;;;;;;;;;;;;;;;;;;;;;;;;;;;;;;;;;;;;;;;;;
;;;;;;;;;;;;;;;;;;;;;;;;;;;;;;;;;;;;;;;;;;;;;;;;;;;;;;;;;;;;;;;;;;;;;;;;;;;;;;;;;;;;;;;;;;;;;;;;
;;1.41440639;;;;;;;;;;;;;;;;;;;;;;;;;;;;;;;;;;;;;;;;;;;;;;;;;;;;;;;;;;;;;;;;;;;;;;;;;;;;;;;;;;;;;;;;;;;;;;
;;32.97287844;;;;;37.11808145;;5.341230523;;1.873947914;;1.648162314;;1.017105379;;4.494317288;;1.081466195;;1.797001721;;2.2703974;;0.339498599;;0.057257256;;0.047968075;;0.352805044;;0.01494762;;0.84626657;;0.94194397;;0.180023082;;0.382474343;;0.1689038;;0.159649147;;0.026007965;;0.129816427;;0.44512227;;0.017299202;;0.11024004;;0.257829832;;0.067652629;;0.000981107;;0.107848834;;0.188313485;;0.031491132;;0.138512172;;0.0517571;;0.037366482;;0.084243293;;0.21669998;;0.0841482;;0.081870009;;0.01957585;;0.028772226;;0.03114799;;0.023479689;;0.054956036;;0.022611703;;0.011485939;
